	forme	gabarit	c3	c2	c1
0	عَظِيمٌ	fa3iil	م	ظ	ع
1	أَلِيمٌ	fa3iil	م	ل	أ
2	عَلِيمٌ	fa3iil	م	ل	ع
3	رَحِيمٌ	fa3iil	م	ح	ر
4	حَكِيمٌ	fa3iil	م	ك	ح
5	كَبِيرٌ	fa3iil	ر	ب	ك
6	حَلِيمٌ	fa3iil	م	ل	ح
7	حَمِيدٌ	fa3iil	د	م	ح
8	شَدِيدٌ	fa3iil	د	د	ش
9	كَثِيرٌ	fa3iil	ر	ث	ك
10	قَلِيلٌ	fa3iil	ل	ل	ق
11	أَمِينٌ	fa3iil	ن	م	أ
12	كَرِيمٌ	fa3iil	م	ر	ك
13	بَرِيءٌ	fa3iil	ء	ر	ب
14	خَبِيرٌ	fa3iil	ر	ب	خ
15	عَزِيزٌ	fa3iil	ز	ز	ع
16	سَمِيعٌ	fa3iil	ع	م	س
17	شَهِيدٌ	fa3iil	د	ه	ش
18	حَفِيظٌ	fa3iil	ظ	ف	ح
19	قَرِيبٌ	fa3iil	ب	ر	ق
20	عَجِيبٌ	fa3iil	ب	ج	ع
21	مَجِيدٌ	fa3iil	د	ج	م
22	عَصِيبٌ	fa3iil	ب	ص	ع
23	رَشِيدٌ	fa3iil	د	ش	ر
24	جَمِيلٌ	fa3iil	ل	م	ج
25	يَسِيرٌ	fa3iil	ر	س	ي
26	لَطِيفٌ	fa3iil	ف	ط	ل
27	غَلِيظٌ	fa3iil	ظ	ل	غ
28	كَفَّارٌ	fa33aal	ر	ف	ك
29	بَصِيرٌ	fa3iil	ر	ص	ب
30	هَضِيمٌ	fa3iil	م	ض	ه
31	غَنِيٌّ	fa3iil	ّ	ن	غ
32	فَقِيرٌ	fa3iil	ر	ق	ف
33	كَذَّابٌ	fa33aal	ب	ذ	ك
34	حَمِيمٌ	fa3iil	م	م	ح
35	قَدِيمٌ	fa3iil	م	د	ق
36	تَوَّابٌ	fa33aal	ب	و	ت
37	بَعِيدٌ	fa3iil	د	ع	ب
38	نَضِيدٌ	fa3iil	د	ض	ن
39	عَتِيدٌ	fa3iil	د	ت	ع
40	عَقِيمٌ	fa3iil	م	ق	ع
41	عَسِرٌ	fa3il	ر	س	ع
42	أَشِرٌ	fa3il	ر	ش	أ
43	قَوِيٌّ	fa3iil	ّ	و	ق
44	عَسِيرٌ	fa3iil	ر	س	ع
