	forme	gabarit	c3	c2	c1
0	مَلِيحٌ	fa3iil	ح	ل	م
1	عَسِلٌ	fa3il	ل	س	ع
2	دَرِيسٌ	fa3iil	س	ر	د
3	عَمِلٌ	fa3il	ل	م	ع
4	قَتِيلٌ	fa3iil	ل	ت	ق
5	هَزِيلٌ	fa3iil	ل	ز	ه
6	أَبِيلٌ	fa3iil	ل	ب	أ
7	زَلِيجٌ	fa3iil	ج	ل	ز
8	عَمِيقٌ	fa3iil	ق	م	ع
9	زَمِينٌ	fa3iil	ن	م	ز
10	أَكِيلٌ	fa3iil	ل	ك	أ
11	سَجَّادٌ	fa33aal	د	ج	س
12	قُدُومٌ	fa3uul	م	د	ق
13	حَرِيمٌ	fa3iil	م	ر	ح
14	بَدِعٌ	fa3il	ع	د	ب
15	زَحِلٌ	fa3il	ل	ح	ز
16	مِخْلَافٌ	mif3al	ف	ل	خ
17	أَمَّارٌ	fa33aal	ر	م	أ
18	نَظَّارٌ	fa33aal	ر	ظ	ن
19	مِعْطَاشٌ	mif3al	ش	ط	ع
20	بَطِنٌ	fa3il	ن	ط	ب
21	عَظِيمٌ	fa3iil	م	ظ	ع
22	بَطِينٌ	fa3iil	ن	ط	ب
23	أَنِيثٌ	fa3iil	ث	ن	أ
24	خُلُوفٌ	fa3uul	ف	ل	خ
25	جَنِيسٌ	fa3iil	س	ن	ج
26	أَخِرٌ	fa3il	ر	خ	أ
27	ظَفِيرٌ	fa3iil	ر	ف	ظ
28	هَمِيزٌ	fa3iil	ز	م	ه
29	دَخِيلٌ	fa3iil	ل	خ	د
30	مِصْوَاتٌ	mif3al	ت	و	ص
31	كَلِيمٌ	fa3iil	م	ل	ك
32	قَوَّامٌ	fa33aal	م	و	ق
33	خَبِيرٌ	fa3iil	ر	ب	خ
34	شَرِيبٌ	fa3iil	ب	ر	ش
35	أَكَّالٌ	fa33aal	ل	ك	أ
36	عَلَّامٌ	fa33aal	م	ل	ع
37	أَمِرٌ	fa3il	ر	م	أ
38	عَوَّادٌ	fa33aal	د	و	ع
39	مِحْسَانٌ	mif3al	ن	س	ح
40	تَبِعٌ	fa3il	ع	ب	ت
41	مِقْدَامٌ	mif3al	م	د	ق
42	حَصِينٌ	fa3iil	ن	ص	ح
43	قَصِدٌ	fa3il	د	ص	ق
44	هَتَّافٌ	fa33aal	ف	ت	ه
45	بَنِينٌ	fa3iil	ن	ن	ب
46	هَمَّازٌ	fa33aal	ز	م	ه
47	نَفِيسٌ	fa3iil	س	ف	ن
48	خَلِيقٌ	fa3iil	ق	ل	خ
49	حَقِيبٌ	fa3iil	ب	ق	ح
50	نَهِرٌ	fa3il	ر	ه	ن
51	مِكْثَارٌ	mif3al	ر	ث	ك
52	طَعِيمٌ	fa3iil	م	ع	ط
53	فَكِيرٌ	fa3iil	ر	ك	ف
54	بَرِيرٌ	fa3iil	ر	ر	ب
55	خَلِقٌ	fa3il	ق	ل	خ
56	كَتِيبٌ	fa3iil	ب	ت	ك
57	نَقِدٌ	fa3il	د	ق	ن
58	كَثِيرٌ	fa3iil	ر	ث	ك
59	حَظِيظٌ	fa3iil	ظ	ظ	ح
60	مِفْضَالٌ	mif3al	ل	ض	ف
61	قَدِيمٌ	fa3iil	م	د	ق
62	بَسِيطٌ	fa3iil	ط	س	ب
63	عَمِيرٌ	fa3iil	ر	م	ع
64	قَيَّامٌ	fa33aal	م	ي	ق
65	دَبِرٌ	fa3il	ر	ب	د
66	حَمِيلٌ	fa3iil	ل	م	ح
67	نَهِيرٌ	fa3iil	ر	ه	ن
68	جَمَّاعٌ	fa33aal	ع	م	ج
69	سَوَّارٌ	fa33aal	ر	و	س
70	مِطْعَامٌ	mif3al	م	ع	ط
71	مَوَّارٌ	fa33aal	ر	و	م
72	مِرْبَاعٌ	mif3al	ع	ب	ر
73	نَظِيرٌ	fa3iil	ر	ظ	ن
74	بَخَّالٌ	fa33aal	ل	خ	ب
75	عَرِيفٌ	fa3iil	ف	ر	ع
76	عَطِشٌ	fa3il	ش	ط	ع
77	شُكُورٌ	fa3uul	ر	ك	ش
78	وَخِيمٌ	fa3iil	م	خ	و
79	فَهِيمٌ	fa3iil	م	ه	ف
80	نَقَّادٌ	fa33aal	د	ق	ن
81	رَبَّاعٌ	fa33aal	ع	ب	ر
82	مَصِيفٌ	fa3iil	ف	ص	م
83	نَعِيتٌ	fa3iil	ت	ع	ن
84	قَوِيمٌ	fa3iil	م	و	ق
85	وَجِيدٌ	fa3iil	د	ج	و
86	حَدِيدٌ	fa3iil	د	د	ح
87	نَقَّابٌ	fa33aal	ب	ق	ن
88	أَكِلٌ	fa3il	ل	ك	أ
89	صَقِرٌ	fa3il	ر	ق	ص
90	مِظْفَارٌ	mif3al	ر	ف	ظ
91	شَرَّابٌ	fa33aal	ب	ر	ش
92	خَرِفٌ	fa3il	ف	ر	خ
93	صَغِيرٌ	fa3iil	ر	غ	ص
94	بَرِدٌ	fa3il	د	ر	ب
95	كَفَّارٌ	fa33aal	ر	ف	ك
96	غَزِلٌ	fa3il	ل	ز	غ
97	خَبِرٌ	fa3il	ر	ب	خ
98	ذَمِيمٌ	fa3iil	م	م	ذ
99	كَحِلٌ	fa3il	ل	ح	ك
100	طَوَّافٌ	fa33aal	ف	و	ط
101	شَهِيدٌ	fa3iil	د	ه	ش
102	لَبِنٌ	fa3il	ن	ب	ل
103	أَخِيرٌ	fa3iil	ر	خ	أ
104	خَرِيفٌ	fa3iil	ف	ر	خ
105	عَلِيمٌ	fa3iil	م	ل	ع
106	صَفِرٌ	fa3il	ر	ف	ص
107	أَصِيلٌ	fa3iil	ل	ص	أ
108	صَقَّارٌ	fa33aal	ر	ق	ص
109	فَضِيلٌ	fa3iil	ل	ض	ف
110	تَبِيعٌ	fa3iil	ع	ب	ت
111	زَمِنٌ	fa3il	ن	م	ز
112	ظَفِرٌ	fa3il	ر	ف	ظ
113	صَحِيحٌ	fa3iil	ح	ح	ص
114	رَبِيطٌ	fa3iil	ط	ب	ر
115	ثَقِيفٌ	fa3iil	ف	ق	ث
116	نَظِيفٌ	fa3iil	ف	ظ	ن
117	رَكَّابٌ	fa33aal	ب	ك	ر
118	تَرَّاكٌ	fa33aal	ك	ر	ت
119	عَدِيدٌ	fa3iil	د	د	ع
120	بَخِيلٌ	fa3iil	ل	خ	ب
121	ثَقِفٌ	fa3il	ف	ق	ث
122	سَلِيمٌ	fa3iil	م	ل	س
123	طَهِرٌ	fa3il	ر	ه	ط
124	تَعِبٌ	fa3il	ب	ع	ت
125	عَرِبٌ	fa3il	ب	ر	ع
126	عَسَّالٌ	fa33aal	ل	س	ع
127	قَصِيبٌ	fa3iil	ب	ص	ق
128	بَدِيعٌ	fa3iil	ع	د	ب
129	شَكِيلٌ	fa3iil	ل	ك	ش
130	شَرِقٌ	fa3il	ق	ر	ش
131	صَنِيعٌ	fa3iil	ع	ن	ص
132	خَمِيسٌ	fa3iil	س	م	خ
133	صَنِعٌ	fa3il	ع	ن	ص
134	شَهَّادٌ	fa33aal	د	ه	ش
135	كَمِيلٌ	fa3iil	ل	م	ك
136	مِشْكَارٌ	mif3al	ر	ك	ش
137	أَرِيضٌ	fa3iil	ض	ر	أ
138	قَرِيبٌ	fa3iil	ب	ر	ق
139	كَفِرٌ	fa3il	ر	ف	ك
140	فَهِمٌ	fa3il	م	ه	ف
141	شَهِيرٌ	fa3iil	ر	ه	ش
142	وَلِيدٌ	fa3iil	د	ل	و
143	كَحِيلٌ	fa3iil	ل	ح	ك
144	طَيَّارٌ	fa33aal	ر	ي	ط
145	مِصْيَافٌ	mif3al	ف	ي	ص
146	نَصِيفٌ	fa3iil	ف	ص	ن
147	لَفِيتٌ	fa3iil	ت	ف	ل
148	جَمِيلٌ	fa3iil	ل	م	ج
149	طُعُومٌ	fa3uul	م	ع	ط
150	ثَنِيَةٌ	fa3iil	َ	ن	ث
151	كَبِيسٌ	fa3iil	س	ب	ك
152	خَضِيرٌ	fa3iil	ر	ض	خ
153	أَكِيدٌ	fa3iil	د	ك	أ
154	جَمِيعٌ	fa3iil	ع	م	ج
155	وَخِمٌ	fa3il	م	خ	و
156	كَشِدٌ	fa3il	د	ش	ك
157	هَزِلٌ	fa3il	ل	ز	ه
158	حَرِيرٌ	fa3iil	ر	ر	ح
159	جَهِيدٌ	fa3iil	د	ه	ج
160	خَضِرٌ	fa3il	ر	ض	خ
161	عَمَّارٌ	fa33aal	ر	م	ع
