	forme	gabarit	c3	c2	c1
0	جديد	fa3iil	د	د	ج
1	جديد	fa3il	د	د	ج
2	كبير	fa3iil	ر	ب	ك
3	كبير	fa3il	ر	ب	ك
4	ثلاث	fa33aal	ث	ل	ث
5	أخير	fa3iil	ر	خ	أ
6	أخير	fa3il	ر	خ	أ
7	عديد	fa3iil	د	د	ع
8	عديد	fa3il	د	د	ع
9	طويل	fa3iil	ل	و	ط
10	طويل	fa3il	ل	و	ط
11	صحيح	fa3iil	ح	ح	ص
12	صحيح	fa3il	ح	ح	ص
13	قليل	fa3iil	ل	ل	ق
14	قليل	fa3il	ل	ل	ق
15	بعيد	fa3iil	د	ع	ب
16	بعيد	fa3il	د	ع	ب
17	مشير	fa3iil	ر	ش	م
18	مشير	fa3il	ر	ش	م
19	قديم	fa3iil	م	د	ق
20	قديم	fa3il	م	د	ق
21	قريب	fa3iil	ب	ر	ق
22	قريب	fa3il	ب	ر	ق
23	معين	fa3iil	ن	ع	م
24	معين	fa3il	ن	ع	م
25	شريف	fa3iil	ف	ر	ش
26	شريف	fa3il	ف	ر	ش
27	حديث	fa3iil	ث	د	ح
28	حديث	fa3il	ث	د	ح
29	وحيد	fa3iil	د	ح	و
30	وحيد	fa3il	د	ح	و
31	سريع	fa3iil	ع	ر	س
32	سريع	fa3il	ع	ر	س
33	سنوي	fa3uul	ي	ن	س
34	شديد	fa3iil	د	د	ش
35	شديد	fa3il	د	د	ش
36	مميز	fa3iil	ز	م	م
37	مميز	fa3il	ز	م	م
38	نووي	fa3uul	ي	و	ن
39	محيط	fa3iil	ط	ح	م
40	محيط	fa3il	ط	ح	م
41	مصاب	fa33aal	ب	ص	م
42	قصير	fa3iil	ر	ص	ق
43	قصير	fa3il	ر	ص	ق
44	خطير	fa3iil	ر	ط	خ
45	خطير	fa3il	ر	ط	خ
46	عظيم	fa3iil	م	ظ	ع
47	عظيم	fa3il	م	ظ	ع
48	حيوي	fa3uul	ي	ي	ح
49	فعال	fa33aal	ل	ع	ف
50	مفيد	fa3iil	د	ف	م
51	مفيد	fa3il	د	ف	م
52	شهير	fa3iil	ر	ه	ش
53	شهير	fa3il	ر	ه	ش
54	كريم	fa3iil	م	ر	ك
55	كريم	fa3il	م	ر	ك
56	سعيد	fa3iil	د	ع	س
57	سعيد	fa3il	د	ع	س
58	غريب	fa3iil	ب	ر	غ
59	غريب	fa3il	ب	ر	غ
60	عميق	fa3iil	ق	م	ع
61	عميق	fa3il	ق	م	ع
62	خفيف	fa3iil	ف	ف	خ
63	خفيف	fa3il	ف	ف	خ
64	مضاد	fa33aal	د	ض	م
65	نبوي	fa3uul	ي	ب	ن
66	عنيف	fa3iil	ف	ن	ع
67	عنيف	fa3il	ف	ن	ع
68	حبيب	fa3iil	ب	ب	ح
69	حبيب	fa3il	ب	ب	ح
70	منور	fa3uul	ر	ن	م
71	دموي	fa3uul	ي	م	د
72	دقيق	fa3iil	ق	ق	د
73	دقيق	fa3il	ق	ق	د
74	صريح	fa3iil	ح	ر	ص
75	صريح	fa3il	ح	ر	ص
76	نظيف	fa3iil	ف	ظ	ن
77	نظيف	fa3il	ف	ظ	ن
78	عزيز	fa3iil	ز	ز	ع
79	عزيز	fa3il	ز	ز	ع
80	فقير	fa3iil	ر	ق	ف
81	فقير	fa3il	ر	ق	ف
82	لغوي	fa3uul	ي	غ	ل
83	جوال	fa33aal	ل	و	ج
84	طموح	fa3uul	ح	م	ط
85	رفيع	fa3iil	ع	ف	ر
86	رفيع	fa3il	ع	ف	ر
87	علوي	fa3uul	ي	ل	ع
88	فريد	fa3iil	د	ر	ف
89	فريد	fa3il	د	ر	ف
90	مكون	fa3uul	ن	ك	م
91	جهوي	fa3uul	ي	ه	ج
92	عريض	fa3iil	ض	ر	ع
93	عريض	fa3il	ض	ر	ع
94	مقام	fa33aal	م	ق	م
95	قتيل	fa3iil	ل	ت	ق
96	قتيل	fa3il	ل	ت	ق
97	عجيب	fa3iil	ب	ج	ع
98	عجيب	fa3il	ب	ج	ع
99	مضاف	fa33aal	ف	ض	م
100	مشار	fa33aal	ر	ش	م
101	كروي	fa3uul	ي	ر	ك
102	يدوي	fa3uul	ي	د	ي
103	حريص	fa3iil	ص	ر	ح
104	حريص	fa3il	ص	ر	ح
105	عريق	fa3iil	ق	ر	ع
106	عريق	fa3il	ق	ر	ع
107	قدير	fa3iil	ر	د	ق
108	قدير	fa3il	ر	د	ق
109	خبيث	fa3iil	ث	ب	خ
110	خبيث	fa3il	ث	ب	خ
111	كفيل	fa3iil	ل	ف	ك
112	كفيل	fa3il	ل	ف	ك
113	كثيف	fa3iil	ف	ث	ك
114	كثيف	fa3il	ف	ث	ك
115	مزود	fa3uul	د	ز	م
116	رخيص	fa3iil	ص	خ	ر
117	رخيص	fa3il	ص	خ	ر
118	قصيم	fa3iil	م	ص	ق
119	قصيم	fa3il	م	ص	ق
120	معاق	fa33aal	ق	ع	م
121	مريح	fa3iil	ح	ر	م
122	مريح	fa3il	ح	ر	م
123	مئوي	fa3uul	ي	ئ	م
124	شبيه	fa3iil	ه	ب	ش
125	شبيه	fa3il	ه	ب	ش
126	قروي	fa3uul	ي	ر	ق
127	مقيد	fa3iil	د	ق	م
128	مقيد	fa3il	د	ق	م
129	نبيل	fa3iil	ل	ب	ن
130	نبيل	fa3il	ل	ب	ن
131	مطور	fa3uul	ر	ط	م
132	ملون	fa3uul	ن	ل	م
133	طفيف	fa3iil	ف	ف	ط
134	طفيف	fa3il	ف	ف	ط
135	رهيب	fa3iil	ب	ه	ر
136	رهيب	fa3il	ب	ه	ر
137	أموي	fa3uul	ي	م	أ
138	شتوي	fa3uul	ي	ت	ش
139	حكيم	fa3iil	م	ك	ح
140	حكيم	fa3il	م	ك	ح
141	عتيق	fa3iil	ق	ت	ع
142	عتيق	fa3il	ق	ت	ع
143	طريف	fa3iil	ف	ر	ط
144	طريف	fa3il	ف	ر	ط
145	مزور	fa3uul	ر	ز	م
146	رشيد	fa3iil	د	ش	ر
147	رشيد	fa3il	د	ش	ر
148	معاد	fa33aal	د	ع	م
149	شفاف	fa33aal	ف	ف	ش
150	ملوث	fa3uul	ث	ل	م
151	مزيد	fa3iil	د	ز	م
152	مزيد	fa3il	د	ز	م
153	رقيق	fa3iil	ق	ق	ر
154	رقيق	fa3il	ق	ق	ر
155	متين	fa3iil	ن	ت	م
156	متين	fa3il	ن	ت	م
157	ممول	fa3uul	ل	م	م
158	مشيد	fa3iil	د	ش	م
159	مشيد	fa3il	د	ش	م
160	لطيف	fa3iil	ف	ط	ل
161	لطيف	fa3il	ف	ط	ل
162	مخيف	fa3iil	ف	خ	م
163	مخيف	fa3il	ف	خ	م
164	شقيقة	fa3iil	ق	ق	ش
165	شقيقة	fa3il	ق	ق	ش
166	دعوي	fa3uul	ي	ع	د
167	ضئيل	fa3iil	ل	ئ	ض
168	ضئيل	fa3il	ل	ئ	ض
169	رضيع	fa3iil	ع	ض	ر
170	رضيع	fa3il	ع	ض	ر
171	مدين	fa3iil	ن	د	م
172	مدين	fa3il	ن	د	م
173	فضيل	fa3iil	ل	ض	ف
174	فضيل	fa3il	ل	ض	ف
175	محال	fa33aal	ل	ح	م
176	وجيز	fa3iil	ز	ج	و
177	وجيز	fa3il	ز	ج	و
178	وثيق	fa3iil	ق	ث	و
179	وثيق	fa3il	ق	ث	و
180	قبيح	fa3iil	ح	ب	ق
181	قبيح	fa3il	ح	ب	ق
182	مزيف	fa3iil	ف	ز	م
183	مزيف	fa3il	ف	ز	م
184	نفيس	fa3iil	س	ف	ن
185	نفيس	fa3il	س	ف	ن
186	نسوي	fa3uul	ي	س	ن
187	مطول	fa3uul	ل	ط	م
188	حثيث	fa3iil	ث	ث	ح
189	حثيث	fa3il	ث	ث	ح
190	مروي	fa3uul	ي	ر	م
191	نزيه	fa3iil	ه	ز	ن
192	نزيه	fa3il	ه	ز	ن
193	فسيح	fa3iil	ح	س	ف
194	فسيح	fa3il	ح	س	ف
195	منوي	fa3uul	ي	ن	م
196	كليب	fa3iil	ب	ل	ك
197	كليب	fa3il	ب	ل	ك
198	مروع	fa3uul	ع	ر	م
199	لذيذ	fa3iil	ذ	ذ	ل
200	لذيذ	fa3il	ذ	ذ	ل
201	شقيق	fa3iil	ق	ق	ش
202	شقيق	fa3il	ق	ق	ش
203	مليء	fa3iil	ء	ل	م
204	مليء	fa3il	ء	ل	م
205	بليغ	fa3iil	غ	ل	ب
206	بليغ	fa3il	غ	ل	ب
207	كلوي	fa3uul	ي	ل	ك
208	كريه	fa3iil	ه	ر	ك
209	كريه	fa3il	ه	ر	ك
210	شغال	fa33aal	ل	غ	ش
211	عفوي	fa3uul	ي	ف	ع
212	خلاب	fa33aal	ب	ل	خ
213	منوط	fa3uul	ط	ن	م
214	عديم	fa3iil	م	د	ع
215	عديم	fa3il	م	د	ع
216	محاط	fa33aal	ط	ح	م
217	وجيه	fa3iil	ه	ج	و
218	وجيه	fa3il	ه	ج	و
219	غفير	fa3iil	ر	ف	غ
220	غفير	fa3il	ر	ف	غ
221	مهين	fa3iil	ن	ه	م
222	مهين	fa3il	ن	ه	م
223	دءوب	fa3uul	ب	ء	د
224	منيع	fa3iil	ع	ن	م
225	منيع	fa3il	ع	ن	م
226	حصين	fa3iil	ن	ص	ح
227	حصين	fa3il	ن	ص	ح
228	أخوي	fa3uul	ي	خ	أ
229	بريء	fa3iil	ء	ر	ب
230	بريء	fa3il	ء	ر	ب
231	عصيب	fa3iil	ب	ص	ع
232	عصيب	fa3il	ب	ص	ع
233	شجاع	fa33aal	ع	ج	ش
234	غفور	fa3uul	ر	ف	غ
235	عزوف	fa3uul	ف	ز	ع
236	خلوي	fa3uul	ي	ل	خ
237	نشيط	fa3iil	ط	ش	ن
238	نشيط	fa3il	ط	ش	ن
239	عنيد	fa3iil	د	ن	ع
240	عنيد	fa3il	د	ن	ع
241	نحوي	fa3uul	ي	ح	ن
242	سخيف	fa3iil	ف	خ	س
243	سخيف	fa3il	ف	خ	س
244	هزيل	fa3iil	ل	ز	ه
245	هزيل	fa3il	ل	ز	ه
246	عقيم	fa3iil	م	ق	ع
247	عقيم	fa3il	م	ق	ع
248	منوع	fa3uul	ع	ن	م
249	رئوي	fa3uul	ي	ئ	ر
250	مدان	fa33aal	ن	د	م
251	بطيء	fa3iil	ء	ط	ب
252	بطيء	fa3il	ء	ط	ب
253	وشيك	fa3iil	ك	ش	و
254	وشيك	fa3il	ك	ش	و
255	عفيف	fa3iil	ف	ف	ع
256	عفيف	fa3il	ف	ف	ع
257	مصور	fa3uul	ر	ص	م
258	بسيطة	fa3iil	ط	س	ب
259	بسيطة	fa3il	ط	س	ب
260	مشوه	fa3uul	ه	ش	م
261	غيور	fa3uul	ر	ي	غ
262	وفير	fa3iil	ر	ف	و
263	وفير	fa3il	ر	ف	و
264	مميت	fa3iil	ت	م	م
265	مميت	fa3il	ت	م	م
266	معوق	fa3uul	ق	ع	م
267	عضوي	fa3uul	ي	ض	ع
268	شفوي	fa3uul	ي	ف	ش
269	مناط	fa33aal	ط	ن	م
270	غليظ	fa3iil	ظ	ل	غ
271	غليظ	fa3il	ظ	ل	غ
272	شنيع	fa3iil	ع	ن	ش
273	شنيع	fa3il	ع	ن	ش
274	غفار	fa33aal	ر	ف	غ
275	وسيم	fa3iil	م	س	و
276	وسيم	fa3il	م	س	و
277	طليق	fa3iil	ق	ل	ط
278	طليق	fa3il	ق	ل	ط
279	رصين	fa3iil	ن	ص	ر
280	رصين	fa3il	ن	ص	ر
281	مطيع	fa3iil	ع	ط	م
282	مطيع	fa3il	ع	ط	م
283	قويم	fa3iil	م	و	ق
284	قويم	fa3il	م	و	ق
285	مقيت	fa3iil	ت	ق	م
286	مقيت	fa3il	ت	ق	م
287	مهيب	fa3iil	ب	ه	م
288	مهيب	fa3il	ب	ه	م
289	مريب	fa3iil	ب	ر	م
290	مريب	fa3il	ب	ر	م
291	مزين	fa3iil	ن	ز	م
292	مزين	fa3il	ن	ز	م
293	مشيط	fa3iil	ط	ش	م
294	مشيط	fa3il	ط	ش	م
295	فظيع	fa3iil	ع	ظ	ف
296	فظيع	fa3il	ع	ظ	ف
297	دفين	fa3iil	ن	ف	د
298	دفين	fa3il	ن	ف	د
299	لعين	fa3iil	ن	ع	ل
300	لعين	fa3il	ن	ع	ل
301	بناء	fa33aal	ء	ن	ب
302	يسير	fa3iil	ر	س	ي
303	يسير	fa3il	ر	س	ي
304	عتيد	fa3iil	د	ت	ع
305	عتيد	fa3il	د	ت	ع
306	فئوي	fa3uul	ي	ئ	ف
307	رحيم	fa3iil	م	ح	ر
308	رحيم	fa3il	م	ح	ر
309	ذريع	fa3iil	ع	ر	ذ
310	ذريع	fa3il	ع	ر	ذ
311	وطيد	fa3iil	د	ط	و
312	وطيد	fa3il	د	ط	و
313	هدام	fa33aal	م	د	ه
314	مشوق	fa3uul	ق	ش	م
315	محير	fa3iil	ر	ح	م
316	محير	fa3il	ر	ح	م
317	فصيح	fa3iil	ح	ص	ف
318	فصيح	fa3il	ح	ص	ف
319	معوي	fa3uul	ي	ع	م
320	أبوي	fa3uul	ي	ب	أ
321	شرار	fa33aal	ر	ر	ش
322	مشين	fa3iil	ن	ش	م
323	مشين	fa3il	ن	ش	م
324	بدوي	fa3uul	ي	د	ب
325	صبيح	fa3iil	ح	ب	ص
326	صبيح	fa3il	ح	ب	ص
327	رشيق	fa3iil	ق	ش	ر
328	رشيق	fa3il	ق	ش	ر
329	زهيد	fa3iil	د	ه	ز
330	زهيد	fa3il	د	ه	ز
331	سديد	fa3iil	د	د	س
332	سديد	fa3il	د	د	س
333	مديد	fa3iil	د	د	م
334	مديد	fa3il	د	د	م
335	مكين	fa3iil	ن	ك	م
336	مكين	fa3il	ن	ك	م
337	سيار	fa33aal	ر	ي	س
338	بلاش	fa33aal	ش	ل	ب
339	حبيس	fa3iil	س	ب	ح
340	حبيس	fa3il	س	ب	ح
341	جريء	fa3iil	ء	ر	ج
342	جريء	fa3il	ء	ر	ج
343	مسيء	fa3iil	ء	س	م
344	مسيء	fa3il	ء	س	م
345	منير	fa3iil	ر	ن	م
346	منير	fa3il	ر	ن	م
347	شغيل	fa3iil	ل	غ	ش
348	شغيل	fa3il	ل	غ	ش
349	مشوي	fa3uul	ي	ش	م
350	مليح	fa3iil	ح	ل	م
351	مليح	fa3il	ح	ل	م
352	ذليل	fa3iil	ل	ل	ذ
353	ذليل	fa3il	ل	ل	ذ
354	مسيح	fa3iil	ح	س	م
355	مسيح	fa3il	ح	س	م
356	ثديي	fa3iil	ي	د	ث
357	ثديي	fa3il	ي	د	ث
358	معيب	fa3iil	ب	ع	م
359	معيب	fa3il	ب	ع	م
360	ربوي	fa3uul	ي	ب	ر
361	سفاح	fa33aal	ح	ف	س
362	مريع	fa3iil	ع	ر	م
363	مريع	fa3il	ع	ر	م
364	كئيب	fa3iil	ب	ئ	ك
365	كئيب	fa3il	ب	ئ	ك
366	ظنون	fa3uul	ن	ن	ظ
367	كفيف	fa3iil	ف	ف	ك
368	كفيف	fa3il	ف	ف	ك
369	عليل	fa3iil	ل	ل	ع
370	عليل	fa3il	ل	ل	ع
371	رنان	fa33aal	ن	ن	ر
372	مريء	fa3iil	ء	ر	م
373	مريء	fa3il	ء	ر	م
374	معول	fa3uul	ل	ع	م
375	لعاب	fa33aal	ب	ع	ل
376	حموي	fa3uul	ي	م	ح
377	سحيق	fa3iil	ق	ح	س
378	سحيق	fa3il	ق	ح	س
379	رعوي	fa3uul	ي	ع	ر
380	قسيم	fa3iil	م	س	ق
381	قسيم	fa3il	م	س	ق
382	مسيس	fa3iil	س	س	م
383	مسيس	fa3il	س	س	م
384	خلوق	fa3uul	ق	ل	خ
385	رديء	fa3iil	ء	د	ر
386	رديء	fa3il	ء	د	ر
387	سقيم	fa3iil	م	ق	س
388	سقيم	fa3il	م	ق	س
389	وضيع	fa3iil	ع	ض	و
390	وضيع	fa3il	ع	ض	و
391	سفيه	fa3iil	ه	ف	س
392	سفيه	fa3il	ه	ف	س
393	عريف	fa3iil	ف	ر	ع
394	عريف	fa3il	ف	ر	ع
395	عطوف	fa3uul	ف	ط	ع
396	لصيق	fa3iil	ق	ص	ل
397	لصيق	fa3il	ق	ص	ل
398	شحيح	fa3iil	ح	ح	ش
399	شحيح	fa3il	ح	ح	ش
400	شريد	fa3iil	د	ر	ش
401	شريد	fa3il	د	ر	ش
402	ملوي	fa3uul	ي	ل	م
403	جواد	fa33aal	د	و	ج
404	قلاب	fa33aal	ب	ل	ق
405	مصوت	fa3uul	ت	ص	م
406	رزين	fa3iil	ن	ز	ر
407	رزين	fa3il	ن	ز	ر
408	مدور	fa3uul	ر	د	م
409	مصون	fa3uul	ن	ص	م
410	نعيم	fa3iil	م	ع	ن
411	نعيم	fa3il	م	ع	ن
412	مشاع	fa33aal	ع	ش	م
413	فموي	fa3uul	ي	م	ف
414	لئيم	fa3iil	م	ئ	ل
415	لئيم	fa3il	م	ئ	ل
416	نصوح	fa3uul	ح	ص	ن
417	شغوف	fa3uul	ف	غ	ش
418	مشوب	fa3uul	ب	ش	م
419	قلوي	fa3uul	ي	ل	ق
420	مضاء	fa33aal	ء	ض	م
421	عجاب	fa33aal	ب	ج	ع
422	وضاح	fa33aal	ح	ض	و
423	ملول	fa3uul	ل	ل	م
424	عجول	fa3uul	ل	ج	ع
425	مقوى	fa3uul	ى	ق	م
426	ركيك	fa3iil	ك	ك	ر
427	ركيك	fa3il	ك	ك	ر
428	سيال	fa33aal	ل	ي	س
429	مطوي	fa3uul	ي	ط	م
430	وخيم	fa3iil	م	خ	و
431	وخيم	fa3il	م	خ	و
432	لبيب	fa3iil	ب	ب	ل
433	لبيب	fa3il	ب	ب	ل
434	دوار	fa33aal	ر	و	د
435	قنوط	fa3uul	ط	ن	ق
436	نضير	fa3iil	ر	ض	ن
437	نضير	fa3il	ر	ض	ن
438	مليم	fa3iil	م	ل	م
439	مليم	fa3il	م	ل	م
440	بلور	fa3uul	ر	ل	ب
441	نشوي	fa3uul	ي	ش	ن
442	مضيء	fa3iil	ء	ض	م
443	مضيء	fa3il	ء	ض	م
444	عويص	fa3iil	ص	و	ع
445	عويص	fa3il	ص	و	ع
446	عديل	fa3iil	ل	د	ع
447	عديل	fa3il	ل	د	ع
448	لبيس	fa3iil	س	ب	ل
449	لبيس	fa3il	س	ب	ل
450	نحيل	fa3iil	ل	ح	ن
451	نحيل	fa3il	ل	ح	ن
452	مسير	fa3iil	ر	س	م
453	مسير	fa3il	ر	س	م
454	أعوج	fa3uul	ج	ع	أ
455	نزوي	fa3uul	ي	ز	ن
456	نصاب	fa33aal	ب	ص	ن
457	خليع	fa3iil	ع	ل	خ
458	خليع	fa3il	ع	ل	خ
459	ذميم	fa3iil	م	م	ذ
460	ذميم	fa3il	م	م	ذ
461	فطيم	fa3iil	م	ط	ف
462	فطيم	fa3il	م	ط	ف
463	خفاق	fa33aal	ق	ف	خ
464	وثير	fa3iil	ر	ث	و
465	وثير	fa3il	ر	ث	و
466	رغيد	fa3iil	د	غ	ر
467	رغيد	fa3il	د	غ	ر
468	هدار	fa33aal	ر	د	ه
469	غدار	fa33aal	ر	د	غ
470	ذبيح	fa3iil	ح	ب	ذ
471	ذبيح	fa3il	ح	ب	ذ
472	هروي	fa3uul	ي	ر	ه
473	غرير	fa3iil	ر	ر	غ
474	غرير	fa3il	ر	ر	غ
475	سليب	fa3iil	ب	ل	س
476	سليب	fa3il	ب	ل	س
477	سميح	fa3iil	ح	م	س
478	سميح	fa3il	ح	م	س
479	عزوم	fa3uul	م	ز	ع
480	مكور	fa3uul	ر	ك	م
481	وقور	fa3uul	ر	ق	و
482	طريح	fa3iil	ح	ر	ط
483	طريح	fa3il	ح	ر	ط
484	عجيل	fa3iil	ل	ج	ع
485	عجيل	fa3il	ل	ج	ع
486	معوج	fa3uul	ج	ع	م
487	فجيع	fa3iil	ع	ج	ف
488	فجيع	fa3il	ع	ج	ف
489	سكيب	fa3iil	ب	ك	س
490	سكيب	fa3il	ب	ك	س
491	حريز	fa3iil	ز	ر	ح
492	حريز	fa3il	ز	ر	ح
493	ملين	fa3iil	ن	ل	م
494	ملين	fa3il	ن	ل	م
495	مجوف	fa3uul	ف	ج	م
496	صريع	fa3iil	ع	ر	ص
497	صريع	fa3il	ع	ر	ص
498	عبيط	fa3iil	ط	ب	ع
499	عبيط	fa3il	ط	ب	ع
500	مهيج	fa3iil	ج	ه	م
501	مهيج	fa3il	ج	ه	م
502	طريد	fa3iil	د	ر	ط
503	طريد	fa3il	د	ر	ط
504	بذيء	fa3iil	ء	ذ	ب
505	بذيء	fa3il	ء	ذ	ب
506	سليط	fa3iil	ط	ل	س
507	سليط	fa3il	ط	ل	س
508	لاوي	fa3uul	ي	ا	ل
509	مضيع	fa3iil	ع	ض	م
510	مضيع	fa3il	ع	ض	م
511	مقوس	fa3uul	س	ق	م
512	مذيل	fa3iil	ل	ذ	م
513	مذيل	fa3il	ل	ذ	م
514	لميس	fa3iil	س	م	ل
515	لميس	fa3il	س	م	ل
516	ملوم	fa3uul	م	ل	م
517	نباح	fa33aal	ح	ب	ن
518	نبيه	fa3iil	ه	ب	ن
519	نبيه	fa3il	ه	ب	ن
520	طماع	fa33aal	ع	م	ط
521	خوار	fa33aal	ر	و	خ
522	ضليع	fa3iil	ع	ل	ض
523	ضليع	fa3il	ع	ل	ض
524	نجيح	fa3iil	ح	ج	ن
525	نجيح	fa3il	ح	ج	ن
526	حسوم	fa3uul	م	س	ح
527	غشاش	fa33aal	ش	ش	غ
528	مهوس	fa3uul	س	ه	م
529	مسور	fa3uul	ر	س	م
530	فشار	fa33aal	ر	ش	ف
531	شفيف	fa3iil	ف	ف	ش
532	شفيف	fa3il	ف	ف	ش
533	مطوق	fa3uul	ق	ط	م
534	جهول	fa3uul	ل	ه	ج
535	رحيب	fa3iil	ب	ح	ر
536	رحيب	fa3il	ب	ح	ر
537	جاوي	fa3uul	ي	ا	ج
538	قحاف	fa33aal	ف	ح	ق
539	دنيء	fa3iil	ء	ن	د
540	دنيء	fa3il	ء	ن	د
541	لطيم	fa3iil	م	ط	ل
542	لطيم	fa3il	م	ط	ل
543	كذوب	fa3uul	ب	ذ	ك
544	خاوي	fa3uul	ي	ا	خ
545	دراس	fa33aal	س	ر	د
546	لعيب	fa3iil	ب	ع	ل
547	لعيب	fa3il	ب	ع	ل
548	ضاوي	fa3uul	ي	ا	ض
549	رميم	fa3iil	م	م	ر
550	رميم	fa3il	م	م	ر
551	قنوع	fa3uul	ع	ن	ق
552	خليص	fa3iil	ص	ل	خ
553	خليص	fa3il	ص	ل	خ
554	مموج	fa3uul	ج	م	م
555	وسيع	fa3iil	ع	س	و
556	وسيع	fa3il	ع	س	و
557	مخوف	fa3uul	ف	خ	م
558	مشوش	fa3uul	ش	ش	م
559	ذلول	fa3uul	ل	ل	ذ
560	ركين	fa3iil	ن	ك	ر
561	ركين	fa3il	ن	ك	ر
562	مفوه	fa3uul	ه	ف	م
563	ظنين	fa3iil	ن	ن	ظ
564	ظنين	fa3il	ن	ن	ظ
565	لماع	fa33aal	ع	م	ل
566	فطير	fa3iil	ر	ط	ف
567	فطير	fa3il	ر	ط	ف
568	نفاع	fa33aal	ع	ف	ن
569	محيص	fa3iil	ص	ح	م
570	محيص	fa3il	ص	ح	م
571	أصوب	fa3uul	ب	ص	أ
572	خليق	fa3iil	ق	ل	خ
573	خليق	fa3il	ق	ل	خ
574	فطيس	fa3iil	س	ط	ف
575	فطيس	fa3il	س	ط	ف
576	مصوغ	fa3uul	غ	ص	م
577	مقوم	fa3uul	م	ق	م
578	رهيف	fa3iil	ف	ه	ر
579	رهيف	fa3il	ف	ه	ر
580	ثنوي	fa3uul	ي	ن	ث
581	شحيم	fa3iil	م	ح	ش
582	شحيم	fa3il	م	ح	ش
583	شفيق	fa3iil	ق	ف	ش
584	شفيق	fa3il	ق	ف	ش
585	رخيم	fa3iil	م	خ	ر
586	رخيم	fa3il	م	خ	ر
587	هميم	fa3iil	م	م	ه
588	هميم	fa3il	م	م	ه
589	صبوح	fa3uul	ح	ب	ص
590	مهوب	fa3uul	ب	ه	م
591	نتيف	fa3iil	ف	ت	ن
592	نتيف	fa3il	ف	ت	ن
593	فتوي	fa3uul	ي	ت	ف
594	نفاذ	fa33aal	ذ	ف	ن
595	غشيم	fa3iil	م	ش	غ
596	غشيم	fa3il	م	ش	غ
597	مسيك	fa3iil	ك	س	م
598	مسيك	fa3il	ك	س	م
599	طليح	fa3iil	ح	ل	ط
600	طليح	fa3il	ح	ل	ط
601	لماح	fa33aal	ح	م	ل
602	مشاحة	fa33aal	ح	ش	م
603	مقوي	fa3uul	ي	ق	م
604	مسوس	fa3uul	س	س	م
605	مداس	fa33aal	س	د	م
606	زبون	fa3uul	ن	ب	ز
607	أشيب	fa3iil	ب	ش	أ
608	أشيب	fa3il	ب	ش	أ
609	فهيم	fa3iil	م	ه	ف
610	فهيم	fa3il	م	ه	ف
611	كسير	fa3iil	ر	س	ك
612	كسير	fa3il	ر	س	ك
613	بنوي	fa3uul	ي	ن	ب
614	عضوض	fa3uul	ض	ض	ع
615	رغوي	fa3uul	ي	غ	ر
616	طاوي	fa3uul	ي	ا	ط
617	حزيم	fa3iil	م	ز	ح
618	حزيم	fa3il	م	ز	ح
619	كتوم	fa3uul	م	ت	ك
620	لثوي	fa3uul	ي	ث	ل
621	مسيخ	fa3iil	خ	س	م
622	مسيخ	fa3il	خ	س	م
623	وزين	fa3iil	ن	ز	و
624	وزين	fa3il	ن	ز	و
625	رحوي	fa3uul	ي	ح	ر
626	صفيق	fa3iil	ق	ف	ص
627	صفيق	fa3il	ق	ف	ص
628	نطيح	fa3iil	ح	ط	ن
629	نطيح	fa3il	ح	ط	ن
630	معال	fa33aal	ل	ع	م
631	مكار	fa33aal	ر	ك	م
632	هبيل	fa3iil	ل	ب	ه
633	هبيل	fa3il	ل	ب	ه
634	غموس	fa3uul	س	م	غ
635	وديد	fa3iil	د	د	و
636	وديد	fa3il	د	د	و
637	نهير	fa3iil	ر	ه	ن
638	نهير	fa3il	ر	ه	ن
639	سقوي	fa3uul	ي	ق	س
640	معود	fa3uul	د	ع	م
641	خميص	fa3iil	ص	م	خ
642	خميص	fa3il	ص	م	خ
643	غروي	fa3uul	ي	ر	غ
644	شراب	fa33aal	ب	ر	ش
645	ضنين	fa3iil	ن	ن	ض
646	ضنين	fa3il	ن	ن	ض
647	لحوح	fa3uul	ح	ح	ل
648	حصوي	fa3uul	ي	ص	ح
649	غضوب	fa3uul	ب	ض	غ
650	ضميم	fa3iil	م	م	ض
651	ضميم	fa3il	م	م	ض
652	سطيح	fa3iil	ح	ط	س
653	سطيح	fa3il	ح	ط	س
654	دفيء	fa3iil	ء	ف	د
655	دفيء	fa3il	ء	ف	د
656	مليص	fa3iil	ص	ل	م
657	مليص	fa3il	ص	ل	م
658	وجيع	fa3iil	ع	ج	و
659	وجيع	fa3il	ع	ج	و
660	سبوح	fa3uul	ح	ب	س
661	نهيم	fa3iil	م	ه	ن
662	نهيم	fa3il	م	ه	ن
663	هبيط	fa3iil	ط	ب	ه
664	هبيط	fa3il	ط	ب	ه
665	طروب	fa3uul	ب	ر	ط
666	كؤود	fa3uul	د	ؤ	ك
667	هنيء	fa3iil	ء	ن	ه
668	هنيء	fa3il	ء	ن	ه
669	مصيد	fa3iil	د	ص	م
670	مصيد	fa3il	د	ص	م
671	فزيع	fa3iil	ع	ز	ف
672	فزيع	fa3il	ع	ز	ف
673	فتيل	fa3iil	ل	ت	ف
674	فتيل	fa3il	ل	ت	ف
675	عكوس	fa3uul	س	ك	ع
676	حشيم	fa3iil	م	ش	ح
677	حشيم	fa3il	م	ش	ح
678	مريش	fa3iil	ش	ر	م
679	مريش	fa3il	ش	ر	م
680	نضيد	fa3iil	د	ض	ن
681	نضيد	fa3il	د	ض	ن
682	شريب	fa3iil	ب	ر	ش
683	شريب	fa3il	ب	ر	ش
684	مهيض	fa3iil	ض	ه	م
685	مهيض	fa3il	ض	ه	م
686	حضين	fa3iil	ن	ض	ح
687	حضين	fa3il	ن	ض	ح
688	وطيء	fa3iil	ء	ط	و
689	وطيء	fa3il	ء	ط	و
690	عتيل	fa3iil	ل	ت	ع
691	عتيل	fa3il	ل	ت	ع
692	عصوي	fa3uul	ي	ص	ع
693	رقيع	fa3iil	ع	ق	ر
694	رقيع	fa3il	ع	ق	ر
695	نضيف	fa3iil	ف	ض	ن
696	نضيف	fa3il	ف	ض	ن
697	هلوع	fa3uul	ع	ل	ه
698	غثيث	fa3iil	ث	ث	غ
699	غثيث	fa3il	ث	ث	غ
700	حقود	fa3uul	د	ق	ح
701	أغين	fa3iil	ن	غ	أ
702	أغين	fa3il	ن	غ	أ
703	صهير	fa3iil	ر	ه	ص
704	صهير	fa3il	ر	ه	ص
705	لجوج	fa3uul	ج	ج	ل
706	رطيب	fa3iil	ب	ط	ر
707	رطيب	fa3il	ب	ط	ر
708	رديم	fa3iil	م	د	ر
709	رديم	fa3il	م	د	ر
710	مصيص	fa3iil	ص	ص	م
711	مصيص	fa3il	ص	ص	م
712	صفوح	fa3uul	ح	ف	ص
713	مزوي	fa3uul	ي	ز	م
714	فحيم	fa3iil	م	ح	ف
715	فحيم	fa3il	م	ح	ف
716	قميء	fa3iil	ء	م	ق
717	قميء	fa3il	ء	م	ق
718	رجيم	fa3iil	م	ج	ر
719	رجيم	fa3il	م	ج	ر
720	كتيم	fa3iil	م	ت	ك
721	كتيم	fa3il	م	ت	ك
722	شجيع	fa3iil	ع	ج	ش
723	شجيع	fa3il	ع	ج	ش
724	صخاب	fa33aal	ب	خ	ص
725	شهوي	fa3uul	ي	ه	ش
726	كنين	fa3iil	ن	ن	ك
727	كنين	fa3il	ن	ن	ك
728	قعير	fa3iil	ر	ع	ق
729	قعير	fa3il	ر	ع	ق
730	مكيس	fa3iil	س	ك	م
731	مكيس	fa3il	س	ك	م
732	كليل	fa3iil	ل	ل	ك
733	كليل	fa3il	ل	ل	ك
734	فكير	fa3iil	ر	ك	ف
735	فكير	fa3il	ر	ك	ف
736	فطين	fa3iil	ن	ط	ف
737	فطين	fa3il	ن	ط	ف
738	رذيل	fa3iil	ل	ذ	ر
739	رذيل	fa3il	ل	ذ	ر
740	وضيء	fa3iil	ء	ض	و
741	وضيء	fa3il	ء	ض	و
742	أغيد	fa3iil	د	غ	أ
743	أغيد	fa3il	د	غ	أ
744	شخيص	fa3iil	ص	خ	ش
745	شخيص	fa3il	ص	خ	ش
746	ربيل	fa3iil	ل	ب	ر
747	ربيل	fa3il	ل	ب	ر
748	مدوس	fa3uul	س	د	م
749	لحيم	fa3iil	م	ح	ل
750	لحيم	fa3il	م	ح	ل
751	نجيع	fa3iil	ع	ج	ن
752	نجيع	fa3il	ع	ج	ن
753	عكيك	fa3iil	ك	ك	ع
754	عكيك	fa3il	ك	ك	ع
755	لفوت	fa3uul	ت	ف	ل
756	حظيظ	fa3iil	ظ	ظ	ح
757	حظيظ	fa3il	ظ	ظ	ح
758	وكيد	fa3iil	د	ك	و
759	وكيد	fa3il	د	ك	و
760	عيان	fa33aal	ن	ي	ع
761	رصيص	fa3iil	ص	ص	ر
762	رصيص	fa3il	ص	ص	ر
763	مغيظ	fa3iil	ظ	غ	م
764	مغيظ	fa3il	ظ	غ	م
765	صياح	fa33aal	ح	ي	ص
766	نثير	fa3iil	ر	ث	ن
767	نثير	fa3il	ر	ث	ن
768	هضيم	fa3iil	م	ض	ه
769	هضيم	fa3il	م	ض	ه
770	نصيح	fa3iil	ح	ص	ن
771	نصيح	fa3il	ح	ص	ن
772	لماز	fa33aal	ز	م	ل
773	أشوش	fa3uul	ش	ش	أ
774	طميي	fa3iil	ي	م	ط
775	طميي	fa3il	ي	م	ط
776	صميم	fa3iil	م	م	ص
777	صميم	fa3il	م	م	ص
778	نضيج	fa3iil	ج	ض	ن
779	نضيج	fa3il	ج	ض	ن
780	وقيح	fa3iil	ح	ق	و
781	وقيح	fa3il	ح	ق	و
782	لهوي	fa3uul	ي	ه	ل
783	ركوض	fa3uul	ض	ك	ر
784	غريض	fa3iil	ض	ر	غ
785	غريض	fa3il	ض	ر	غ
786	نعار	fa33aal	ر	ع	ن
787	مغيص	fa3iil	ص	غ	م
788	مغيص	fa3il	ص	غ	م
789	غميس	fa3iil	س	م	غ
790	غميس	fa3il	س	م	غ
791	مطاق	fa33aal	ق	ط	م
792	مقور	fa3uul	ر	ق	م
793	يقين	fa3iil	ن	ق	ي
794	يقين	fa3il	ن	ق	ي
795	أشيك	fa3iil	ك	ش	أ
796	أشيك	fa3il	ك	ش	أ
797	نسيق	fa3iil	ق	س	ن
798	نسيق	fa3il	ق	س	ن
799	صبوي	fa3uul	ي	ب	ص
800	لهيف	fa3iil	ف	ه	ل
801	لهيف	fa3il	ف	ه	ل
802	سليخ	fa3iil	خ	ل	س
803	سليخ	fa3il	خ	ل	س
804	كسيف	fa3iil	ف	س	ك
805	كسيف	fa3il	ف	س	ك
806	شجوي	fa3uul	ي	ج	ش
807	رجاف	fa33aal	ف	ج	ر
808	مزيت	fa3iil	ت	ز	م
809	مزيت	fa3il	ت	ز	م
810	عجيف	fa3iil	ف	ج	ع
811	عجيف	fa3il	ف	ج	ع
812	مقال	fa33aal	ل	ق	م
813	سحاح	fa33aal	ح	ح	س
814	معيى	fa3iil	ى	ع	م
815	معيى	fa3il	ى	ع	م
816	قصيف	fa3iil	ف	ص	ق
817	قصيف	fa3il	ف	ص	ق
818	قلوب	fa3uul	ب	ل	ق
819	ذاوي	fa3uul	ي	ا	ذ
820	شكاء	fa33aal	ء	ك	ش
821	شتيم	fa3iil	م	ت	ش
822	شتيم	fa3il	م	ت	ش
823	غضيض	fa3iil	ض	ض	غ
824	غضيض	fa3il	ض	ض	غ
825	مطوس	fa3uul	س	ط	م
826	نزيز	fa3iil	ز	ز	ن
827	نزيز	fa3il	ز	ز	ن
828	مشيق	fa3iil	ق	ش	م
829	مشيق	fa3il	ق	ش	م
830	غرار	fa33aal	ر	ر	غ
831	نجيس	fa3iil	س	ج	ن
832	نجيس	fa3il	س	ج	ن
833	رواغ	fa33aal	غ	و	ر
834	عقول	fa3uul	ل	ق	ع
835	مفيق	fa3iil	ق	ف	م
836	مفيق	fa3il	ق	ف	م
837	قطوب	fa3uul	ب	ط	ق
838	لبيق	fa3iil	ق	ب	ل
839	لبيق	fa3il	ق	ب	ل
840	يؤوس	fa3uul	س	ؤ	ي
841	يراع	fa33aal	ع	ر	ي
842	غفول	fa3uul	ل	ف	غ
843	مليخ	fa3iil	خ	ل	م
844	مليخ	fa3il	خ	ل	م
845	أصوف	fa3uul	ف	ص	أ
846	فحاش	fa33aal	ش	ح	ف
847	كميش	fa3iil	ش	م	ك
848	كميش	fa3il	ش	م	ك
849	سأال	fa33aal	ل	أ	س
850	فضيح	fa3iil	ح	ض	ف
851	فضيح	fa3il	ح	ض	ف
852	خنوع	fa3uul	ع	ن	خ
853	هجوي	fa3uul	ي	ج	ه
854	وبيء	fa3iil	ء	ب	و
855	وبيء	fa3il	ء	ب	و
856	معيي	fa3iil	ي	ع	م
857	معيي	fa3il	ي	ع	م
858	قبوي	fa3uul	ي	ب	ق
859	كدير	fa3iil	ر	د	ك
860	كدير	fa3il	ر	د	ك
861	وقيذ	fa3iil	ذ	ق	و
862	وقيذ	fa3il	ذ	ق	و
863	رجاس	fa33aal	س	ج	ر
864	نحير	fa3iil	ر	ح	ن
865	نحير	fa3il	ر	ح	ن
866	سكوت	fa3uul	ت	ك	س
867	دعاب	fa33aal	ب	ع	د
868	شموس	fa3uul	س	م	ش
869	عطوب	fa3uul	ب	ط	ع
870	عيوف	fa3uul	ف	ي	ع
871	لكيع	fa3iil	ع	ك	ل
872	لكيع	fa3il	ع	ك	ل
873	عهيد	fa3iil	د	ه	ع
874	عهيد	fa3il	د	ه	ع
875	نفيي	fa3iil	ي	ف	ن
876	نفيي	fa3il	ي	ف	ن
877	لبيخ	fa3iil	خ	ب	ل
878	لبيخ	fa3il	خ	ب	ل
879	معوه	fa3uul	ه	ع	م
880	كميد	fa3iil	د	م	ك
881	كميد	fa3il	د	م	ك
882	مذيق	fa3iil	ق	ذ	م
883	مذيق	fa3il	ق	ذ	م
884	ممات	fa33aal	ت	م	م
885	ينيع	fa3iil	ع	ن	ي
886	ينيع	fa3il	ع	ن	ي
887	كسيد	fa3iil	د	س	ك
888	كسيد	fa3il	د	س	ك
889	فتيق	fa3iil	ق	ت	ف
890	فتيق	fa3il	ق	ت	ف
891	مفوع	fa3uul	ع	ف	م
892	لجين	fa3iil	ن	ج	ل
893	لجين	fa3il	ن	ج	ل
894	نصيع	fa3iil	ع	ص	ن
895	نصيع	fa3il	ع	ص	ن
896	أشوه	fa3uul	ه	ش	أ
897	هشيم	fa3iil	م	ش	ه
898	هشيم	fa3il	م	ش	ه
899	مطوش	fa3uul	ش	ط	م
900	رثيث	fa3iil	ث	ث	ر
901	رثيث	fa3il	ث	ث	ر
902	ضجاج	fa33aal	ج	ج	ض
903	نفوع	fa3uul	ع	ف	ن
904	ضجوج	fa3uul	ج	ج	ض
905	نهيي	fa3iil	ي	ه	ن
906	نهيي	fa3il	ي	ه	ن
907	كدود	fa3uul	د	د	ك
908	فخير	fa3iil	ر	خ	ف
909	فخير	fa3il	ر	خ	ف
910	خضوع	fa3uul	ع	ض	خ
911	نهيج	fa3iil	ج	ه	ن
912	نهيج	fa3il	ج	ه	ن
913	شجيعة	fa3iil	ع	ج	ش
914	شجيعة	fa3il	ع	ج	ش
915	رخاخ	fa33aal	خ	خ	ر
916	ضغوط	fa3uul	ط	غ	ض
917	عجاج	fa33aal	ج	ج	ع
918	غضير	fa3iil	ر	ض	غ
919	غضير	fa3il	ر	ض	غ
920	كثيث	fa3iil	ث	ث	ك
921	كثيث	fa3il	ث	ث	ك
922	ذريف	fa3iil	ف	ر	ذ
923	ذريف	fa3il	ف	ر	ذ
924	سؤوم	fa3uul	م	ؤ	س
925	طريء	fa3iil	ء	ر	ط
926	طريء	fa3il	ء	ر	ط
927	بكيء	fa3iil	ء	ك	ب
928	بكيء	fa3il	ء	ك	ب
929	نزوح	fa3uul	ح	ز	ن
930	فجوع	fa3uul	ع	ج	ف
931	زفوف	fa3uul	ف	ف	ز
932	لفيظ	fa3iil	ظ	ف	ل
933	لفيظ	fa3il	ظ	ف	ل
934	قذور	fa3uul	ر	ذ	ق
935	رضيض	fa3iil	ض	ض	ر
936	رضيض	fa3il	ض	ض	ر
937	مصوح	fa3uul	ح	ص	م
938	لفوح	fa3uul	ح	ف	ل
939	نزيح	fa3iil	ح	ز	ن
940	نزيح	fa3il	ح	ز	ن
941	لفات	fa33aal	ت	ف	ل
