الرَّحْمَٰنِ	the Most Gracious	l-raḥmāni	
الرَّحِيمِ	the Most Merciful	l-raḥīmi	
الرَّحْمَٰنِ	The Most Gracious	al-raḥmāni	
الرَّحِيمِ	the Most Merciful	l-raḥīmi	
الْمُسْتَقِيمَ	the straight	l-mus'taqīma	
عَظِيمٌ	great	ʿaẓīmun	
الْآخِرِ	[the] Last	l-ākhiri	
أَلِيمٌ	painful	alīmun	
مُطَهَّرَةٌ	purified	muṭahharatun	
الْحَكِيمُ	the All-Wise	l-ḥakīmu	
رَغَدًا	freely	raghadan	
الرَّحِيمُ	the Most Merciful	l-raḥīmu	
قَلِيلًا	small	qalīlan	
عَظِيمٌ	great	ʿaẓīmun	
الرَّحِيمُ	the Most Merciful	l-raḥīmu	
رَغَدًا	abundantly	raghadan	
وَاحِدٍ	(of) one (kind)	wāḥidin	
الْآخِرِ	[the] Last	l-ākhiri	
خَاسِئِينَ	despised	khāsiīna	
فَارِضٌ	old	fāriḍun	
بِكْرٌ	young	bik'run	
صَفْرَاءُ	yellow	ṣafrāu	
فَاقِعٌ	bright	fāqiʿun	
ذَلُولٌ	trained	dhalūlun	
مُسَلَّمَةٌ	sound	musallamatun	
قَلِيلًا	little	qalīlan	
مَعْدُودَةً	numbered	maʿdūdatan	
الدُّنْيَا	(of) the world	l-dun'yā	
الدُّنْيَا	(of) the world	l-dun'yā	
مُصَدِّقٌ	confirming	muṣaddiqun	
مُهِينٌ	humiliating	muhīnun	
الْآخِرَةُ	(of) the Hereafter	l-ākhiratu	
بَيِّنَاتٍ	clear	bayyinātin	
مُصَدِّقٌ	confirming	muṣaddiqun	
أَلِيمٌ	painful	alīmun	
الْعَظِيمِ	[the] Great	l-ʿaẓīmi	
عَظِيمٌ	great	ʿaẓīmun	
عَلِيمٌ	All-Knowing	ʿalīmun	
السُّجُودِ	and those who prostrate	l-sujūdi	
آمِنًا	secure	āminan	
الْآخِرِ	the Last	l-ākhiri	
الْعَلِيمُ	the All-Knowing	l-ʿalīmu	
مُسْلِمَةً	submissive	mus'limatan	
الرَّحِيمُ	the Most Merciful	l-raḥīmu	
الْحَكِيمُ	the All-Wise	l-ḥakīmu	
وَاحِدًا	One	wāḥidan	
الْعَلِيمُ	the All-Knowing	l-ʿalīmu	
مُسْتَقِيمٍ	straight	mus'taqīmin	
وَسَطًا	(of the) middle way	wasaṭan	
رَحِيمٌ	Most Merciful	raḥīmun	
الْحَرَامِ	Al-Haraam	l-ḥarāmi	
الْحَرَامِ	Al-Haraam	l-ḥarāmi	
الْحَرَامِ	Al-Haraam	l-ḥarāmi	
عَلِيمٌ	All-Knowing	ʿalīmun	
الرَّحِيمُ	the Most Merciful	l-raḥīmu	
وَاحِدٌ	one (only)	wāḥidun	
الرَّحِيمُ	the Most Merciful	l-raḥīmu	
الْمُسَخَّرِ	[the] controlled	l-musakhari	
طَيِّبًا	(and) good	ṭayyiban	
مُبِينٌ	clear	mubīnun	
رَحِيمٌ	Most Merciful	raḥīmun	
قَلِيلًا	little	qalīlan	
أَلِيمٌ	painful	alīmun	
بَعِيدٍ	far	baʿīdin	
الْآخِرِ	[the] Last	l-ākhiri	
أَلِيمٌ	painful	alīmun	
عَلِيمٌ	All-Knowing	ʿalīmun	
رَحِيمٌ	All-Merciful	raḥīmun	
مَعْدُودَاتٍ	numbered	maʿdūdātin	
أُخَرَ	other	ukhara	
أُخَرَ	other	ukhara	
الْأَبْيَضُ	[the] white	l-abyaḍu	
الْأَسْوَدِ	[the] black	l-aswadi	
الْحَرَامِ	Al-Haraam	l-ḥarāmi	
رَحِيمٌ	Most Merciful	raḥīmun	
الْحَرَامُ	[the] sacred	l-ḥarāmu	
الْحَرَامِ	[the] sacred	l-ḥarāmi	
كَامِلَةٌ	in all	kāmilatun	
الْحَرَامِ	Al-Haraam	l-ḥarāmi	
مَعْلُومَاتٌ	well known	maʿlūmātun	
الْحَرَامِ	[the] Sacred	l-ḥarāmi	
رَحِيمٌ	Most Merciful	raḥīmun	
مَعْدُودَاتٍ	numbered	maʿdūdātin	
الدُّنْيَا	(of) the world	l-dun'yā	
مُبِينٌ	open	mubīnun	
حَكِيمٌ	All-Wise	ḥakīmun	
بَيِّنَةٍ	clear	bayyinatin	
الدُّنْيَا	(of) the world	l-dun'yā	
وَاحِدَةً	single	wāḥidatan	
مُسْتَقِيمٍ	straight	mus'taqīmin	
الْحَرَامِ	[the] sacred 	l-ḥarāmi	
كَبِيرٌ	(is) a great (sin)	kabīrun	
الْحَرَامِ	Al-Haraam	l-ḥarāmi	
رَحِيمٌ	Most Merciful	raḥīmun	
كَبِيرٌ	great	kabīrun	
حَكِيمٌ	All-Wise	ḥakīmun	
مُؤْمِنَةٌ	(who is) believing	mu'minatun	
مُؤْمِنٌ	(who is) believing	mu'minun	
عَلِيمٌ	All-Knowing	ʿalīmun	
حَلِيمٌ	Most Forbearing	ḥalīmun	
رَحِيمٌ	Most Merciful	raḥīmun	
عَلِيمٌ	All-Knowing	ʿalīmun	
الْآخِرِ	[the] Last	l-ākhiri	
حَكِيمٌ	All-Wise	ḥakīmun	
الْآخِرِ	[the] Last	l-ākhiri	
كَامِلَيْنِ	complete	kāmilayni	
مَعْرُوفًا	honorable	maʿrūfan	
حَلِيمٌ	Most Forbearing	ḥalīmun	
الْوُسْطَىٰ	[the] middle	l-wus'ṭā	
حَكِيمٌ	All-Wise	ḥakīmun	
عَلِيمٌ	All-Knowing	ʿalīmun	
حَسَنًا	good	ḥasanan	
كَثِيرَةً	many	kathīratan	
عَلِيمٌ	All-Knowing	ʿalīmun	
قَلِيلَةٍ	small	qalīlatin	
كَثِيرَةً	large	kathīratan	
الْكَافِرِينَ	(who are) disbelieving	l-kāfirīna	
الْقَيُّومُ	the Sustainer of all that exists	l-qayūmu	
الْعَظِيمُ	the Most Great	l-ʿaẓīmu	
الْوُثْقَىٰ	[the] firm	l-wuth'qā	
عَلِيمٌ	All-Knowing	ʿalīmun	
الظَّالِمِينَ	(who are) [the] wrongdoers	l-ẓālimīna	
حَكِيمٌ	All-Wise	ḥakīmun	
عَلِيمٌ	All-Knowing	ʿalīmun	
مَعْرُوفٌ	kind	maʿrūfun	
حَلِيمٌ	All-Forbearing	ḥalīmun	
الْآخِرِ	[the] Last	l-ākhiri	
الْكَافِرِينَ	[the] disbelieving	l-kāfirīna	
ضُعَفَاءُ	(are) weak	ḍuʿafāu	
حَمِيدٌ	Praiseworthy	ḥamīdun	
عَلِيمٌ	All-Knowing	ʿalīmun	
كَثِيرًا	abundant	kathīran	
أَثِيمٍ	sinner	athīmin	
مُسَمًّى	fixed	musamman	
حَاضِرَةً	present	ḥāḍiratan	
مَقْبُوضَةٌ	in hand	maqbūḍatun	
الْكَافِرِينَ	[the] disbelievers	l-kāfirīna	
الْقَيُّومُ	the Sustainer of all that exists	l-qayūmu	
شَدِيدٌ	severe	shadīdun	
الْحَكِيمُ	the All-Wise	l-ḥakīmu	
مُحْكَمَاتٌ	absolutely clear 	muḥ'kamātun	
مُتَشَابِهَاتٌ	(are) allegorical	mutashābihātun	
كَافِرَةٌ	disbelievers	kāfiratun	
الْمُقَنْطَرَةِ	[the] stored up	l-muqanṭarati	
الْمُسَوَّمَةِ	[the] branded	l-musawamati	
الدُّنْيَا	(of) the world	l-dun'yā	
مُطَهَّرَةٌ	pure	muṭahharatun	
الْحَكِيمُ	the All-Wise	l-ḥakīmu	
أَلِيمٍ	painful	alīmin	
مَعْدُودَاتٍ	numbered	maʿdūdātin	
بَعِيدًا	great	baʿīdan	
رَحِيمٌ	Most Merciful	raḥīmun	
عَلِيمٌ	All-Knowing	ʿalīmun	
الْعَلِيمُ	the All-Knowing	l-ʿalīmu	
الرَّجِيمِ	the rejected	l-rajīmi	
حَسَنٍ	good	ḥasanin	
حَسَنًا	good	ḥasanan	
طَيِّبَةً	pure	ṭayyibatan	
كَثِيرًا	much	kathīran	
مُسْتَقِيمٌ	straight	mus'taqīmun	
شَدِيدًا	severe	shadīdan	
الْحَكِيمِ	[the] Wise	l-ḥakīmi	
الْحَقُّ	[the] true	l-ḥaqu	
الْحَكِيمُ	the All-Wise	l-ḥakīmu	
سَوَاءٍ	equitable	sawāin	
مُسْلِمًا	Muslim	mus'liman	
عَلِيمٌ	All-Knowing	ʿalīmun	
الْعَظِيمِ	[the] great	l-ʿaẓīmi	
قَلِيلًا	little	qalīlan	
أَلِيمٌ	painful	alīmun	
مُصَدِّقٌ	confirming	muṣaddiqun	
الظَّالِمِينَ	[the] wrongdoers	l-ẓālimīna	
رَحِيمٌ	Most Merciful	raḥīmun	
أَلِيمٌ	painful	alīmun	
بَيِّنَاتٌ	clear	bayyinātun	
مُسْتَقِيمٍ	straight	mus'taqīmin	
عَظِيمٌ	great	ʿaẓīmun	
قَائِمَةٌ	standing	qāimatun	
الْآخِرِ	the Last	l-ākhiri	
الدُّنْيَا	(of) the world	l-dun'yā	
عَلِيمٌ	All-Knowing	ʿalīmun	
الْعَزِيزِ	the All-Mighty	l-ʿazīzi	
الْحَكِيمِ	the All-Wise	l-ḥakīmi	
رَحِيمٌ	Most Merciful	raḥīmun	
مُضَاعَفَةً	multiplied	muḍāʿafatan	
مُؤَجَّلًا	determined	mu-ajjalan	
كَثِيرٌ	many	kathīrun	
الْكَافِرِينَ	the disbelievers	l-kāfirīna	
حَلِيمٌ	All-Forbearing	ḥalīmun	
مُبِينٍ	clear	mubīnin	
عَظِيمٌ	great	ʿaẓīmun	
عَظِيمٍ	great	ʿaẓīmin	
عَظِيمٌ	great	ʿaẓīmun	
أَلِيمٌ	painful	alīmun	
مُهِينٌ	humiliating	muhīnun	
عَظِيمٌ	great	ʿaẓīmun	
الْمُنِيرِ	[the] Enlightening	l-munīri	
الدُّنْيَا	(of) the world	l-dun'yā	
كَثِيرًا	many	kathīran	
قَلِيلًا	little	qalīlan	
أَلِيمٌ	painful	alīmun	
قَلِيلٌ	little	qalīlun	
قَلِيلًا	little	qalīlan	
وَاحِدَةٍ	single	wāḥidatin	
كَثِيرًا	many	kathīran	
كَبِيرًا	great	kabīran	
هَنِيئًا	(in) satisfaction	hanīan	
مَرِيئًا	(and) ease	marīan	
مَعْرُوفًا	(of) kindness	maʿrūfan	
مَفْرُوضًا	obligatory	mafrūḍan	
مَعْرُوفًا	(of) kindness	maʿrūfan	
ضِعَافًا	weak	ḍiʿāfan	
سَدِيدًا	appropriate	sadīdan	
حَكِيمًا	All-Wise	ḥakīman	
حَلِيمٌ	All-Forbearing	ḥalīmun	
الْعَظِيمُ	[the] great	l-ʿaẓīmu	
مُهِينٌ	humiliating	muhīnun	
رَحِيمًا	Most-Merciful	raḥīman	
حَكِيمًا	All-Wise	ḥakīman	
أَلِيمًا	painful	alīman	
مُبَيِّنَةٍ	open	mubayyinatin	
كَثِيرًا	much	kathīran	
مُبِينًا	open	mubīnan	
غَلِيظًا	strong	ghalīẓan	
رَحِيمًا	Most-Merciful	raḥīman	
حَكِيمًا	All-Wise	ḥakīman	
الْمُؤْمِنَاتِ	[the] believing women	l-mu'mināti	
الْمُؤْمِنَاتِ	(of) the believers	l-mu'mināti	
رَحِيمٌ	Most Merciful	raḥīmun	
حَكِيمٌ	All-Wise	ḥakīmun	
عَظِيمًا	great	ʿaẓīman	
كَرِيمًا	noble	karīman	
كَبِيرًا	Most Great	kabīran	
خَبِيرًا	All-Aware	khabīran	
الْجُنُبِ	(who is) farther away	l-junubi	
فَخُورًا	(and) [a] boastful	fakhūran	
مُهِينًا	humiliating	muhīnan	
الْآخِرِ	the Last	l-ākhiri	
الْآخِرِ	the Last	l-ākhiri	
عَظِيمًا	great	ʿaẓīman	
طَيِّبًا	clean	ṭayyiban	
غَفُورًا	Oft-Forgiving	ghafūran	
عَظِيمًا	tremendous	ʿaẓīman	
مُبِينًا	manifest	mubīnan	
عَظِيمًا	great	ʿaẓīman	
حَكِيمًا	All-Wise	ḥakīman	
مُطَهَّرَةٌ	pure	muṭahharatun	
ظَلِيلًا	thick	ẓalīlan	
بَصِيرًا	All-Seeing	baṣīran	
الْآخِرِ	[the] Last	l-ākhiri	
بَعِيدًا	far away	baʿīdan	
بَلِيغًا	penetrating	balīghan	
رَحِيمًا	Most Merciful	raḥīman	
عَظِيمًا	great	ʿaẓīman	
مُسْتَقِيمًا	(the) straight	mus'taqīman	
عَظِيمًا	great	ʿaẓīman	
الدُّنْيَا	(of) the world	l-dun'yā	
عَظِيمًا	a great	ʿaẓīman	
الظَّالِمِ	[the] oppressor(s)	l-ẓālimi	
قَرِيبٍ	near	qarībin	
كَثِيرًا	much	kathīran	
حَسَنَةً	good	ḥasanatan	
سَيِّئَةً	evil	sayyi-atan	
مُبِينًا	clear	mubīnan	
مُؤْمِنَةٍ	 believing	mu'minatin	
مُسَلَّمَةٌ	(is to be) paid	musallamatun	
عَدُوٍّ	hostile	ʿaduwwin	
مُؤْمِنَةٍ	 believing	mu'minatin	
مُسَلَّمَةٌ	(is to be) paid	musallamatun	
مُؤْمِنَةٍ	 believing	mu'minatin	
مُتَتَابِعَيْنِ	consecutively	mutatābiʿayni	
حَكِيمًا	All-Wise	ḥakīman	
عَظِيمًا	great	ʿaẓīman	
الدُّنْيَا	(of) the world	l-dun'yā	
كَثِيرَةٌ	abundant	kathīratun	
غَيْرُ	other than	ghayru	
عَظِيمًا	great	ʿaẓīman	
رَحِيمًا	Most Merciful	raḥīman	
غَفُورًا	Oft-Forgiving	ghafūran	
كَثِيرًا	many	kathīran	
رَحِيمًا	Most Merciful	raḥīman	
مُبِينًا	open	mubīnan	
أُخْرَىٰ	other	ukh'rā	
وَاحِدَةً	single	wāḥidatan	
مُهِينًا	humiliating	muhīnan	
مَوْقُوتًا	(at) fixed times	mawqūtan	
حَكِيمًا	All-Wise	ḥakīman	
رَحِيمًا	Most Merciful	raḥīman	
أَثِيمًا	(and) sinful	athīman	
الدُّنْيَا	(of) the world	l-dun'yā	
رَحِيمًا	Most Merciful	raḥīman	
حَكِيمًا	All-Wise	ḥakīman	
مُبِينًا	manifest	mubīnan	
عَظِيمًا	great	ʿaẓīman	
بَعِيدًا	far away	baʿīdan	
مَرِيدًا	rebellious	marīdan	
مَفْرُوضًا	appointed	mafrūḍan	
مُبِينًا	manifest	mubīnan	
رَحِيمًا	Most Merciful	raḥīman	
حَكِيمًا	All-Wise	ḥakīman	
حَمِيدًا	Praiseworthy	ḥamīdan	
بَصِيرًا	All-Seeing	baṣīran	
شُهَدَاءَ	(as) witnesses	shuhadāa	
الْآخِرِ	the Last	l-ākhiri	
بَعِيدًا	far away	baʿīdan	
أَلِيمًا	painful 	alīman	
مُبِينًا	clear	mubīnan	
الْأَسْفَلِ	the lowest	l-asfali	
عَظِيمًا	great	ʿaẓīman	
عَلِيمًا	All-Knowing	ʿalīman	
عَلِيمًا	All-Knowing	ʿalīman	
قَدِيرًا	All-Powerful	qadīran	
مُهِينًا	humiliating	muhīnan	
رَحِيمًا	Most Merciful	raḥīman	
مُبِينًا	clear	mubīnan	
غَلِيظًا	solemn	ghalīẓan	
عَظِيمًا	great	ʿaẓīman	
حَكِيمًا	All-Wise	ḥakīman	
كَثِيرًا	many	kathīran	
أَلِيمًا	painful	alīman	
الْآخِرِ	the Last 	l-ākhiri	
عَظِيمًا	great	ʿaẓīman	
حَكِيمًا	All-Wise	ḥakīman	
بَعِيدًا	far away	baʿīdan	
خَيْرًا	(it is) better	khayran	
حَكِيمًا	All-Wise	ḥakīman	
الْمُقَرَّبُونَ	the ones who are near (to Allah)	l-muqarabūna	
أَلِيمًا	painful	alīman	
مُبِينًا	clear	mubīnan	
مُسْتَقِيمًا	straight	mus'taqīman	
الْحَرَامَ	the sacred	l-ḥarāma	
الْحَرَامَ	the Sacred	l-ḥarāma	
الْحَرَامِ	Al-Haraam	l-ḥarāmi	
رَحِيمٌ	Most Merciful	raḥīmun	
طَيِّبًا	clean	ṭayyiban	
عَظِيمٌ	great	ʿaẓīmun	
حَسَنًا	goodly	ḥasanan	
مُبِينٌ	clear	mubīnun	
مُسْتَقِيمٍ	(the) straight	mus'taqīmin	
الْمُقَدَّسَةَ	the Holy	l-muqadasata	
جَبَّارِينَ	(of) tyrannical strength	jabbārīna	
الْفَاسِقِينَ	(the) defiantly disobedient	l-fāsiqīna	
الْفَاسِقِينَ	the defiantly disobedient	l-fāsiqīna	
عَظِيمٌ	great	ʿaẓīmun	
رَحِيمٌ	Most Merciful	raḥīmun	
أَلِيمٌ	painful	alīmun	
مُقِيمٌ	lasting	muqīmun	
حَكِيمٌ	All-Wise	ḥakīmun	
رَحِيمٌ	Most Merciful	raḥīmun	
آخَرِينَ	other	ākharīna	
عَظِيمٌ	great	ʿaẓīmun	
قَلِيلًا	little	qalīlan	
وَاحِدَةً	one	wāḥidatan	
الظَّالِمِينَ	the wrongdoing	l-ẓālimīna	
أَذِلَّةٍ	humble	adhillatin	
أَعِزَّةٍ	(and) stern	aʿizzatin	
عَلِيمٌ	All-Knowing	ʿalīmun	
مُقْتَصِدَةٌ	moderate	muq'taṣidatun	
الْكَافِرِينَ	the disbelieving	l-kāfirīna	
الْكَافِرِينَ	the disbelieving	l-kāfirīna	
الْآخِرِ	the Last	l-ākhiri	
وَاحِدٌ	(the) One	wāḥidun	
أَلِيمٌ	painful	alīmun	
رَحِيمٌ	Most Merciful	raḥīmun	
الْعَلِيمُ	the All-Knowing	l-ʿalīmu	
الصَّالِحِينَ	the righteous	l-ṣāliḥīna	
طَيِّبًا	good	ṭayyiban	
الْمُبِينُ	clearly	l-mubīnu	
أَلِيمٌ	painful	alīmun	
الْحَرَامَ	the Sacred	l-ḥarāma	
الْحَرَامَ	[the] sacred	l-ḥarāma	
رَحِيمٌ	Most Merciful	raḥīmun	
حَلِيمٌ	All-Forbearing	ḥalīmun	
الْفَاسِقِينَ	the defiantly disobedient	l-fāsiqīna	
مُبِينٌ	clear	mubīnun	
الْحَكِيمُ	the All-Wise	l-ḥakīmu	
الْعَظِيمُ	(the) great	l-ʿaẓīmu	
مُسَمًّى	specified	musamman	
آخَرِينَ	other	ākharīna	
مُبِينٌ	clear	mubīnun	
الْعَلِيمُ	All-Knowing	l-ʿalīmu	
عَظِيمٍ	Mighty	ʿaẓīmin	
الْمُبِينُ	(the) clear	l-mubīnu	
الْخَبِيرُ	the All-Aware	l-khabīru	
أُخْرَىٰ	other	ukh'rā	
وَاحِدٌ	One	wāḥidun	
الدُّنْيَا	(of) the world	l-dun'yā	
الدُّنْيَا	(of) the world	l-dun'yā	
الْآخِرَةُ	(of) the Hereafter	l-ākhiratu	
أَمْثَالُكُمْ	like you	amthālukum	
مُسْتَقِيمٍ	(the) straight	mus'taqīmin	
الظَّالِمُونَ	the wrongdoers	l-ẓālimūna	
رَحِيمٌ	Most Merciful	raḥīmun	
مُبِينٍ	Clear	mubīnin	
مُسَمًّى	specified	musamman	
الظَّالِمِينَ	the wrongdoers	l-ẓālimīna	
الدُّنْيَا	(of) the world	l-dun'yā	
أَلِيمٌ	painful	alīmun	
الْخَبِيرُ	the All-Aware	l-khabīru	
مُبِينٍ	manifest	mubīnin	
الضَّالِّينَ	who went astray	l-ḍālīna	
عَلِيمٌ	All-Knowing	ʿalīmun	
مُسْتَقِيمٍ	straight	mus'taqīmin	
مُبَارَكٌ	blessed	mubārakun	
مُصَدِّقُ	confirming	muṣaddiqu	
الْعَلِيمِ	the All-Knowing	l-ʿalīmi	
وَاحِدَةٍ	single	wāḥidatin	
مُتَرَاكِبًا	thick clustered	mutarākiban	
دَانِيَةٌ	hanging low	dāniyatun	
الْخَبِيرُ	the All-Aware	l-khabīru	
الْعَلِيمُ	the All-Knower	l-ʿalīmu	
شَدِيدٌ	severe	shadīdun	
حَرَجًا	and constricted	ḥarajan	
عَلِيمٌ	All-Knowing	ʿalīmun	
الدُّنْيَا	(of) the world	l-dun'yā	
آخَرِينَ	other	ākharīna	
حِجْرٌ	forbidden	ḥij'run	
عَلِيمٌ	All-Knowing	ʿalīmun	
مَعْرُوشَاتٍ	trellised	maʿrūshātin	
مُبِينٌ	open	mubīnun	
الظَّالِمِينَ	the wrongdoing	l-ẓālimīna	
مَسْفُوحًا	poured forth	masfūḥan	
رَحِيمٌ	Most Merciful	raḥīmun	
وَاسِعَةٍ	Vast	wāsiʿatin	
الْمُجْرِمِينَ	(who are) criminals	l-muj'rimīna	
الْبَالِغَةُ	the conclusive	l-bālighatu	
مُبَارَكٌ	blessed	mubārakun	
مُسْتَقِيمٍ	straight 	mus'taqīmin	
قِيَمًا	right	qiyaman	
رَحِيمٌ	Most Merciful	raḥīmun	
قَلِيلًا	Little	qalīlan	
قَلِيلًا	Little	qalīlan	
الْمُسْتَقِيمَ	the straight	l-mus'taqīma	
مُبِينٌ	open	mubīnun	
الدُّنْيَا	(of) the world	l-dun'yā	
ضِعْفًا	double	ḍiʿ'fan	
الظَّالِمِينَ	the wrongdoers	l-ẓālimīna	
الدُّنْيَا	(of) the world	l-dun'yā	
ثِقَالًا	heavy	thiqālan	
مَيِّتٍ	dead	mayyitin	
الطَّيِّبُ	[the] pure	l-ṭayibu	
عَظِيمٍ	Great	ʿaẓīmin	
مُبِينٍ	clear	mubīnin	
عَمِينَ	blind	ʿamīna	
أَمِينٌ	trustworthy	amīnun	
أَلِيمٌ	painful	alīmun	
مُسْرِفُونَ	(who) commit excesses	mus'rifūna	
مُبِينٌ	manifest	mubīnun	
عَلِيمٌ	learned	ʿalīmun	
عَلِيمٍ	learned	ʿalīmin	
عَظِيمٍ	great	ʿaẓīmin	
مُفَصَّلَاتٍ	manifest	mufaṣṣalātin	
مُجْرِمِينَ	criminal	muj'rimīna	
الْحُسْنَىٰ	the best	l-ḥus'nā	
عَظِيمٌ	great	ʿaẓīmun	
الظَّالِمِينَ	(who are) wrongdoing	l-ẓālimīna	
الدُّنْيَا	(of) the world	l-dun'yā	
رَحِيمٌ	Most Merciful	raḥīmun	
الْأُمِّيَّ	the unlettered	l-umiya	
الْأُمِّيِّ	the unlettered	l-umiyi	
شَدِيدًا	severe	shadīdan	
بَئِيسٍ	wretched	baīsin	
خَاسِئِينَ	despised	khāsiīna	
رَحِيمٌ	Most Merciful	raḥīmun	
الْآخِرَةُ	(of) the Hereafter	l-ākhiratu	
الْحُسْنَىٰ	the most beautiful	l-ḥus'nā	
مُبِينٌ	clear	mubīnun	
وَاحِدَةٍ	single	wāḥidatin	
خَفِيفًا	light	khafīfan	
عَلِيمٌ	All-Knowing	ʿalīmun	
حَقًّا	(in) truth	ḥaqqan	
كَرِيمٌ	noble	karīmun	
حَكِيمٌ	All-Wise	ḥakīmun	
حَسَنًا	good	ḥasanan	
عَلِيمٌ	All-Knowing	ʿalīmun	
مُسْتَضْعَفُونَ	(and) deemed weak	mus'taḍʿafūna	
عَظِيمٌ	great	ʿaẓīmun	
الْعَظِيمِ	the Great	l-ʿaẓīmi	
أَلِيمٍ	painful	alīmin	
الدُّنْيَا	the nearer	l-dun'yā	
الْقُصْوَىٰ	the farther	l-quṣ'wā	
عَلِيمٌ	All-Knowing	ʿalīmun	
كَثِيرًا	much	kathīran	
حَكِيمٌ	All-Wise	ḥakīmun	
عَلِيمٌ	All-Knowing	ʿalīmun	
الْعَلِيمُ	All-Knower	l-ʿalīmu	
حَكِيمٌ	All-Wise	ḥakīmun	
صَابِرُونَ	steadfast	ṣābirūna	
صَابِرَةٌ	steadfast	ṣābiratun	
الدُّنْيَا	(of) the world	l-dun'yā	
حَكِيمٌ	All-Wise	ḥakīmun	
عَظِيمٌ	great	ʿaẓīmun	
طَيِّبًا	(and) good	ṭayyiban	
رَحِيمٌ	Most Merciful	raḥīmun	
رَحِيمٌ	Most Merciful	raḥīmun	
حَكِيمٌ	All-Wise	ḥakīmun	
كَبِيرٌ	great	kabīrun	
حَقًّا	(in) truth	ḥaqqan	
كَرِيمٌ	noble	karīmun	
الْأَكْبَرِ	(of) the greater Pilgrimage	l-akbari	
بَرِيءٌ	(is) free from obligations	barīon	
أَلِيمٍ	painful	alīmin	
الْحُرُمُ	the sacred months	l-ḥurumu	
غَفُورٌ	(is) Oft-Forgiving	ghafūrun	
رَحِيمٌ	Most Merciful	raḥīmun	
قَلِيلًا	(for) a little price	qalīlan	
أَحَقُّ	(has) more right	aḥaqqu	
مُؤْمِنِينَ	(who are) believers	mu'minīna	
عَلِيمٌ	(is) All-Knower	ʿalīmun	
حَكِيمٌ	All-Wise	ḥakīmun	
خَبِيرٌ	(is) All-Aware	khabīrun	
الظَّالِمِينَ	the wrongdoers	l-ẓālimīna	
أَعْظَمُ	(are) greater	aʿẓamu	
عَظِيمٌ	great	ʿaẓīmun	
كَثِيرَةٍ	many	kathīratin	
غَفُورٌ	(is) Oft-Forgiving	ghafūrun	
رَحِيمٌ	Most Merciful	raḥīmun	
عَلِيمٌ	(is) All-Knower	ʿalīmun	
حَكِيمٌ	All-Wise	ḥakīmun	
وَاحِدًا	One God	wāḥidan	
أَلِيمٍ	painful	alīmin	
حُرُمٌ	(are) sacred	ḥurumun	
الْقَيِّمُ	the upright	l-qayimu	
الْكَافِرِينَ	the disbelievers	l-kāfirīna	
الدُّنْيَا	(of) the world	l-dun'yā	
الدُّنْيَا	(of) the world	l-dun'yā	
أَلِيمًا	(with) a painful punishment	alīman	
عَزِيزٌ	(is) All-Mighty	ʿazīzun	
حَكِيمٌ	All-Wise	ḥakīmun	
قَرِيبًا	near	qarīban	
عَلِيمٌ	(is) All-Knower	ʿalīmun	
عَلِيمٌ	(is) All-Knower	ʿalīmun	
الْحُسْنَيَيْنِ	(of) the two best (things)	l-ḥus'nayayni	
فَاسِقِينَ	defiantly disobedient	fāsiqīna	
الدُّنْيَا	(of) the world	l-dun'yā	
عَلِيمٌ	(is) All-Knowing	ʿalīmun	
حَكِيمٌ	All-Wise	ḥakīmun	
خَيْرٍ	(of) goodness	khayrin	
أَلِيمٌ	painful	alīmun	
أَحَقُّ	(have) more right	aḥaqqu	
الْعَظِيمُ	the great	l-ʿaẓīmu	
عَزِيزٌ	(is) All-Mighty	ʿazīzun	
حَكِيمٌ	All-Wise	ḥakīmun	
طَيِّبَةً	blessed	ṭayyibatan	
أَكْبَرُ	(is) greater	akbaru	
الْعَظِيمُ	great	l-ʿaẓīmu	
أَلِيمًا	painful	alīman	
عَلَّامُ	(is) All-Knower	ʿallāmu	
أَلِيمٌ	painful	alīmun	
الْفَاسِقِينَ	the defiantly disobedient	l-fāsiqīna	
أَشَدُّ	(is) more intense	ashaddu	
أَوَّلَ	(the) first	awwala	
الْعَظِيمُ	the great	l-ʿaẓīmu	
أَلِيمٌ	painful	alīmun	
غَفُورٌ	(is) Oft-Forgiving	ghafūrun	
رَحِيمٌ	Most Merciful	raḥīmun	
الْفَاسِقِينَ	(who are) defiantly disobedient	l-fāsiqīna	
أَشَدُّ	(are) stronger	ashaddu	
عَلِيمٌ	(is) All-Knower	ʿalīmun	
حَكِيمٌ	All-Wise	ḥakīmun	
سَمِيعٌ	(is) All-Hearer	samīʿun	
عَلِيمٌ	All-Knower	ʿalīmun	
غَفُورٌ	(is) Oft-Forgiving	ghafūrun	
رَحِيمٌ	Most Merciful	raḥīmun	
الْأَوَّلُونَ	the first	l-awalūna	
الْعَظِيمُ	the great	l-ʿaẓīmu	
عَظِيمٍ	great	ʿaẓīmin	
سَيِّئًا	(that was) evil	sayyi-an	
غَفُورٌ	(is) Oft-Forgiving	ghafūrun	
رَحِيمٌ	Most Merciful	raḥīmun	
سَمِيعٌ	(is) All-Hearer	samīʿun	
عَلِيمٌ	All-Knower	ʿalīmun	
الرَّحِيمُ	the Most Merciful	l-raḥīmu	
عَلِيمٌ	(is) All-Knower	ʿalīmun	
حَكِيمٌ	All-Wise	ḥakīmun	
أَحَقُّ	(is) more worthy	aḥaqqu	
خَيْرٌ	better	khayrun	
الظَّالِمِينَ	the wrongdoing people	l-ẓālimīna	
عَلِيمٌ	(is) All-Knower	ʿalīmun	
حَكِيمٌ	All-Wise	ḥakīmun	
الْعَظِيمُ	the great	l-ʿaẓīmu	
حَلِيمٌ	forbearing	ḥalīmun	
عَلِيمٌ	(is) All-Knower	ʿalīmun	
رَحِيمٌ	Most Merciful	raḥīmun	
الرَّحِيمُ	the Most Merciful	l-raḥīmu	
صَالِحٌ	righteous	ṣāliḥun	
صَغِيرَةً	small	ṣaghīratan	
عَزِيزٌ	Grievous	ʿazīzun	
رَءُوفٌ	(he is) kind	raūfun	
رَحِيمٌ	(and) merciful	raḥīmun	
الْعَظِيمِ	the Great	l-ʿaẓīmi	
الْحَكِيمِ	the wise	l-ḥakīmi	
مُبِينٌ	obvious	mubīnun	
أَلِيمٌ	painful	alīmun	
الدُّنْيَا	(of) the world	l-dun'yā	
الْمُجْرِمِينَ	(who are) criminals	l-muj'rimīna	
عَظِيمٍ	Great	ʿaẓīmin	
طَيِّبَةٍ	good	ṭayyibatin	
عَاصِفٌ	stormy	ʿāṣifun	
الدُّنْيَا	(of) the world	l-dun'yā	
الدُّنْيَا	(of) the world	l-dun'yā	
شَهِيدًا	(as) a witness	shahīdan	
أَحَقُّ	more worthy	aḥaqqu	
عَلِيمٌ	(is) All-Knower	ʿalīmun	
أَعْلَمُ	(is) All-Knower	aʿlamu	
شَهِيدٌ	(is) a Witness	shahīdun	
الدُّنْيَا	(of) the world	l-dun'yā	
الْعَظِيمُ	the great	l-ʿaẓīmu	
الْعَلِيمُ	the All-Knower	l-ʿalīmu	
الشَّدِيدَ	the severe	l-shadīda	
مُجْرِمِينَ	criminal	muj'rimīna	
مُبِينٌ	clear	mubīnun	
عَلِيمٍ	learned	ʿalīmin	
الظَّالِمِينَ	the wrongdoers	l-ẓālimīna	
الْكَافِرِينَ	the disbelievers	l-kāfirīna	
الدُّنْيَا	(of) the world	l-dun'yā	
الْأَلِيمَ	the painful	l-alīma	
الْأَلِيمَ	the painful	l-alīma	
الدُّنْيَا	of the world	l-dun'yā	
الرَّحِيمُ	the Most Merciful	l-raḥīmu	
خَبِيرٍ	All-Aware	khabīrin	
حَسَنًا	a good	ḥasanan	
كَبِيرٍ	(of) a Great Day	kabīrin	
كَفُورٌ	(and) ungrateful	kafūrun	
فَخُورٌ	(and) boastful	fakhūrun	
كَبِيرٌ	great	kabīrun	
الدُّنْيَا	(of) the world	l-dun'yā	
أَلِيمٍ	painful	alīmin	
خَيْرًا	any good	khayran	
أَعْلَمُ	knows best	aʿlamu	
رَحِيمٌ	Most Merciful	raḥīmun	
الظَّالِمِينَ	the wrongdoers	l-ẓālimīna	
أَلِيمٌ	painful	alīmun	
حَفِيظٌ	a Guardian	ḥafīẓun	
غَلِيظٍ	severe	ghalīẓin	
جَبَّارٍ	tyrant	jabbārin	
عَنِيدٍ	obstinate	ʿanīdin	
قَرِيبٌ	(is) near	qarībun	
قَرِيبٌ	impending	qarībun	
الْعَزِيزُ	All-Mighty	l-ʿazīzu	
حَنِيذٍ	roasted	ḥanīdhin	
شَيْخًا	(is) an old man	shaykhan	
عَجِيبٌ	amazing	ʿajībun	
مَجِيدٌ	All-Glorious	majīdun	
عَصِيبٌ	distressful	ʿaṣībun	
رَشِيدٌ	right-minded	rashīdun	
شَدِيدٍ	strong	shadīdin	
خَيْرٌ	(is) best	khayrun	
الرَّشِيدُ	the right-minded	l-rashīdu	
حَسَنًا	a good provision	ḥasanan	
رَحِيمٌ	(is) Most Merciful	raḥīmun	
وَدُودٌ	Most Loving	wadūdun	
أَلِيمٌ	(is) painful	alīmun	
شَدِيدٌ	(and) severe	shadīdun	
عَرَبِيًّا	(as) a Quran in Arabic	ʿarabiyyan	
حَكِيمٌ	All-Wise	ḥakīmun	
أَحَبُّ	(are) more beloved	aḥabbu	
مُبِينٍ	clear	mubīnin	
صَالِحِينَ	righteous	ṣāliḥīna	
جَمِيلٌ	(is) beautiful	jamīlun	
عَلِيمٌ	(is) All-Knower	ʿalīmun	
بَخْسٍ	very low	bakhsin	
مَعْدُودَةٍ	few	maʿdūdatin	
الْمُخْلَصِينَ	the sincere	l-mukh'laṣīna	
أَلِيمٌ	painful	alīmun	
عَظِيمٌ	(is) great	ʿaẓīmun	
الْعَزِيزِ	Aziz	l-ʿazīzi	
كَرِيمٌ	noble	karīmun	
أَحَبُّ	(is) dearer	aḥabbu	
الْعَلِيمُ	All-Knower	l-ʿalīmu	
خَيْرٌ	better	khayrun	
الْوَاحِدُ	the One	l-wāḥidu	
الْقَهَّارُ	the Irresistible	l-qahāru	
الْقَيِّمُ	the right	l-qayimu	
سِمَانٍ	fat	simānin	
عِجَافٌ	lean ones	ʿijāfun	
يَابِسَاتٍ	dry	yābisātin	
سِمَانٍ	fat	simānin	
عِجَافٌ	lean ones	ʿijāfun	
يَابِسَاتٍ	dry	yābisātin	
شِدَادٌ	hard (years)	shidādun	
عَلِيمٌ	(is) All-Knower	ʿalīmun	
الْعَزِيزِ	(of) Aziz	l-ʿazīzi	
غَفُورٌ	(is) Oft-Forgiving	ghafūrun	
رَحِيمٌ	Most Merciful	raḥīmun	
أَمِينٌ	(and) trusted	amīnun	
عَلِيمٌ	knowing	ʿalīmun	
خَيْرٌ	(is) better	khayrun	
خَيْرٌ	(is) the best	khayrun	
يَسِيرٌ	easy	yasīrun	
وَاحِدٍ	one gate	wāḥidin	
عَلِيمٌ	(is) the All-Knower	ʿalīmun	
أَعْلَمُ	knows best	aʿlamu	
شَيْخًا	old	shaykhan	
كَبِيرًا	[great]	kabīran	
جَمِيلٌ	(is) beautiful	jamīlun	
الْحَكِيمُ	All-Wise	l-ḥakīmu	
الْقَدِيمِ	old	l-qadīmi	
الرَّحِيمُ	the Most Merciful	l-raḥīmu	
لَطِيفٌ	(is) Most Subtle	laṭīfun	
الْحَكِيمُ	the All-Wise	l-ḥakīmu	
خَيْرٌ	(is) best	khayrun	
الْمُجْرِمِينَ	(who are) criminals	l-muj'rimīna	
وَاحِدٍ	one	wāḥidin	
جَدِيدٍ	new	jadīdin	
الْكَبِيرُ	the Most Great	l-kabīru	
الثِّقَالَ	the heavy	l-thiqāla	
الْقَهَّارُ	the Irresistible	l-qahāru	
الْحُسْنَىٰ	(is) the bliss	l-ḥus'nā	
الدُّنْيَا	(of) the world	l-dun'yā	
الدُّنْيَا	of the world	l-dun'yā	
الدُّنْيَا	(of) the world	l-dun'yā	
أَشَقُّ	(is) harder	ashaqqu	
عَرَبِيًّا	(in) Arabic	ʿarabiyyan	
شَهِيدًا	(as) a Witness	shahīdan	
الْعَزِيزِ	(of) the All-Mighty	l-ʿazīzi	
الْحَمِيدِ	the Praiseworthy	l-ḥamīdi	
شَدِيدٍ	severe	shadīdin	
الدُّنْيَا	(of) the world	l-dun'yā	
بَعِيدٍ	(are) far astray	baʿīdin	
الْحَكِيمُ	the All-Wise	l-ḥakīmu	
صَبَّارٍ	patient	ṣabbārin	
شَكُورٍ	and thankful	shakūrin	
عَظِيمٌ	great	ʿaẓīmun	
حَمِيدٌ	Praiseworthy	ḥamīdun	
جَبَّارٍ	tyrant	jabbārin	
عَنِيدٍ	obstinate	ʿanīdin	
صَدِيدٍ	purulent	ṣadīdin	
غَلِيظٌ	harsh	ghalīẓun	
الْبَعِيدُ	far	l-baʿīdu	
جَدِيدٍ	new	jadīdin	
أَلِيمٌ	painful	alīmun	
طَيِّبَةً	good	ṭayyibatan	
طَيِّبَةٍ	good	ṭayyibatin	
الدُّنْيَا	(of) the world	l-dun'yā	
كَفَّارٌ	(and) ungrateful	kaffārun	
رَحِيمٌ	Most Merciful	raḥīmun	
غَيْرِ	not	ghayri	
قَرِيبٍ	short	qarībin	
عَزِيزٌ	(is) All-Mighty	ʿazīzun	
الْوَاحِدِ	the One	l-wāḥidi	
الْقَهَّارِ	the Irresistible	l-qahāri	
سَرِيعُ	(is) Swift	sarīʿu	
وَاحِدٌ	(is) One God	wāḥidun	
رَجِيمٍ	accursed	rajīmin	
عَلِيمٌ	All-Knowing	ʿalīmun	
الْمُخْلَصِينَ	the ones who are sincere	l-mukh'laṣīna	
الرَّحِيمُ	the Most Merciful	l-raḥīmu	
الْأَلِيمُ	the most painful	l-alīmu	
عَلِيمٍ	learned	ʿalīmin	
مُجْرِمِينَ	criminals	muj'rimīna	
الْجَمِيلَ	gracious	l-jamīla	
الْعَلِيمُ	the All-Knower	l-ʿalīmu	
الْعَظِيمَ	Great	l-ʿaẓīma	
آخَرَ	another	ākhara	
رَحِيمٌ	Most Merciful	raḥīmun	
طَرِيًّا	fresh	ṭariyyan	
رَحِيمٌ	Most Merciful	raḥīmun	
وَاحِدٌ	One	wāḥidun	
الْأَوَّلِينَ	(of) the ancient	l-awalīna	
عَلِيمٌ	(is) All-Knower	ʿalīmun	
خَيْرٌ	(is) better	khayrun	
أَكْبَرُ	(is) greater	akbaru	
رَحِيمٌ	Most Merciful	raḥīmun	
سُجَّدًا	prostrating	sujjadan	
وَاحِدٌ	One	wāḥidun	
الْحَكِيمُ	All-Wise	l-ḥakīmu	
أَلِيمٌ	painful	alīmun	
حَسَنًا	good	ḥasanan	
عَلِيمٌ	(is) All-Knowing	ʿalīmun	
حَسَنًا	good	ḥasanan	
الْمُبِينُ	the clear	l-mubīnu	
شَهِيدًا	a witness	shahīdan	
شَهِيدًا	a witness	shahīdan	
عَظِيمٌ	great	ʿaẓīmun	
قَلِيلًا	little	qalīlan	
طَيِّبَةً	good	ṭayyibatan	
الرَّجِيمِ	the accursed	l-rajīmi	
أَعْلَمُ	(is) most knowing	aʿlamu	
عَرَبِيٌّ	Arabic	ʿarabiyyun	
أَلِيمٌ	painful	alīmun	
عَظِيمٌ	great	ʿaẓīmun	
الدُّنْيَا	(of) the world	l-dun'yā	
الْكَافِرِينَ	the disbelievers	l-kāfirīna	
رَحِيمٌ	Most Merciful	raḥīmun	
طَيِّبًا	and good	ṭayyiban	
غَفُورٌ	(is) Oft-Forgiving	ghafūrun	
رَحِيمٌ	Most Merciful	raḥīmun	
قَلِيلٌ	little	qalīlun	
أَلِيمٌ	painful	alīmun	
رَحِيمٌ	Most Merciful	raḥīmun	
الْأَقْصَى	Al-Masjid Al-Aqsa	l-aqṣā	
الْبَصِيرُ	the All-Seer	l-baṣīru	
شَكُورًا	grateful	shakūran	
كَبِيرًا	great	kabīran	
شَدِيدٍ	those of great military might	shadīdin	
كَبِيرًا	great	kabīran	
أَلِيمًا	painful	alīman	
عَجُولًا	ever hasty	ʿajūlan	
خَبِيرًا	All-Aware	khabīran	
بَصِيرًا	All-Seer	baṣīran	
أَكْبَرُ	(is) greater	akbaru	
آخَرَ	another	ākhara	
كَرِيمًا	noble	karīman	
أَعْلَمُ	(is) most knowing	aʿlamu	
كَفُورًا	ungrateful	kafūran	
خَبِيرًا	All-Aware	khabīran	
بَصِيرًا	All-Seer	baṣīran	
كَبِيرًا	great	kabīran	
الْيَتِيمِ	(of) the orphan	l-yatīmi	
آخَرَ	other	ākhara	
عَظِيمًا	grave	ʿaẓīman	
كَبِيرًا	great	kabīran	
غَفُورًا	Oft-Forgiving	ghafūran	
جَدِيدًا	new	jadīdan	
أَعْلَمُ	(is) most knowing	aʿlamu	
أَعْلَمُ	(is) most knowing	aʿlamu	
شَدِيدًا	severe	shadīdan	
كَبِيرًا	great	kabīran	
قَلِيلًا	a little	qalīlan	
نَصِيرًا	helping	naṣīran	
أَعْلَمُ	(is) most knowing	aʿlamu	
ظَهِيرًا	assistants	ẓahīran	
شَهِيدًا	(as) a witness	shahīdan	
خَبِيرًا	All-Aware	khabīran	
بَصِيرًا	All-Seer	baṣīran	
عُمْيًا	blind	ʿum'yan	
جَدِيدًا	new	jadīdan	
قَتُورًا	stingy	qatūran	
بَيِّنَاتٍ	clear	bayyinātin	
سُجَّدًا	(in) prostration	sujjadan	
الْحُسْنَىٰ	the Most Beautiful Names	l-ḥus'nā	
قَيِّمًا	Straight	qayyiman	
شَدِيدًا	severe	shadīdan	
حَسَنًا	(is) a good reward	ḥasanan	
جُرُزًا	barren	juruzan	
عَجَبًا	a wonder	ʿajaban	
عَدَدًا	a number	ʿadadan	
بَيِّنٍ	clear	bayyinin	
مُرْشِدًا	a guide	mur'shidan	
أَعْلَمُ	knows best	aʿlamu	
أَعْلَمُ	knows best	aʿlamu	
أَعْلَمُ	knows best	aʿlamu	
أَعْلَمُ	knows best	aʿlamu	
الدُّنْيَا	(of) the world	l-dun'yā	
الدُّنْيَا	(of) the world	l-dun'yā	
الدُّنْيَا	(of) the world	l-dun'yā	
خَيْرٌ	(are) better	khayrun	
بَدَلًا	(is) the exchange	badalan	
أَكْثَرَ	(in) most	akthara	
الْغَفُورُ	(is) the Most Forgiving	l-ghafūru	
عَجَبًا	amazingly	ʿajaban	
إِمْرًا	grave	im'ran	
نُكْرًا	evil	nuk'ran	
خَيْرًا	a better	khayran	
يَتِيمَيْنِ	for two orphan boys	yatīmayni	
حَمِئَةٍ	(of) dark mud	ḥami-atin	
نُكْرًا	terrible	nuk'ran	
الْحُسْنَىٰ	good	l-ḥus'nā	
خَيْرٌ	(is) better	khayrun	
الدُّنْيَا	(of) the world	l-dun'yā	
وَاحِدٌ	One	wāḥidun	
خَفِيًّا	secret	khafiyyan	
عَصِيًّا	disobedient	ʿaṣiyyan	
شَرْقِيًّا	eastern	sharqiyyan	
سَوِيًّا	well-proportioned	sawiyyan	
زَكِيًّا	pure	zakiyyan	
مَقْضِيًّا	decreed.'	maqḍiyyan	
قَصِيًّا	remote	qaṣiyyan	
جَنِيًّا	ripe	janiyyan	
فَرِيًّا	an amazing thing	fariyyan	
شَقِيًّا	unblessed	shaqiyyan	
عَظِيمٍ	great	ʿaẓīmin	
مُبِينٍ	clear	mubīnin	
سَوِيًّا	even	sawiyyan	
شَقِيًّا	unblessed	shaqiyyan	
عَلِيًّا	high	ʿaliyyan	
الْأَيْمَنِ	the right	l-aymani	
عَلِيًّا	high	ʿaliyyan	
الرَّحْمَٰنِ	(of) the Most Gracious	l-raḥmāni	
مَقْضِيًّا	decreed	maqḍiyyan	
بَيِّنَاتٍ	clear	bayyinātin	
خَيْرٌ	(are) better	khayrun	
إِدًّا	atrocious	iddan	
لُدًّا	hostile	luddan	
الْعُلَى	[the] high	l-ʿulā	
الرَّحْمَٰنُ	The Most Gracious	al-raḥmānu	
الْحُسْنَىٰ	the Most Beautiful	l-ḥus'nā	
الْمُقَدَّسِ	the sacred	l-muqadasi	
أُخْرَىٰ	other	ukh'rā	
الْأُولَىٰ	the former	l-ūlā	
أُخْرَىٰ	another	ukh'rā	
الْكُبْرَى	the Greatest	l-kub'rā	
كَثِيرًا	much	kathīran	
كَثِيرًا	much	kathīran	
أُخْرَىٰ	another time	ukh'rā	
لَيِّنًا	gentle	layyinan	
الْأُولَىٰ	(of) the former	l-ūlā	
شَتَّىٰ	diverse	shattā	
أُخْرَىٰ	another	ukh'rā	
سُوًى	even	suwan	
الْمُثْلَىٰ	the exemplary	l-muth'lā	
سُجَّدًا	prostrating	sujjadan	
الدُّنْيَا	(of) the world	l-dun'yā	
خَيْرٌ	(is) Best	khayrun	
الْعُلَىٰ	[the] high	l-ʿulā	
يَبَسًا	dry	yabasan	
الْأَيْمَنَ	the right	l-aymana	
حَسَنًا	good	ḥasanan	
جَسَدًا	body	jasadan	
الرَّحْمَٰنُ	(is) the Most Gracious	l-raḥmānu	
صَفْصَفًا	plain	ṣafṣafan	
الْقَيُّومِ	the Self-Subsisting	l-qayūmi	
عَرَبِيًّا	(in) Arabic	ʿarabiyyan	
ضَنْكًا	straitened	ḍankan	
مُسَمًّى	determined	musamman	
الدُّنْيَا	(of) the world	l-dun'yā	
الْأُولَىٰ	the former	l-ūlā	
السَّوِيِّ	[the] even	l-sawiyi	
الْعَلِيمُ	the All-Knower	l-ʿalīmu	
آخَرِينَ	another people	ākharīna	
حَيٍّ	living thing	ḥayyin	
فَاسِقِينَ	defiantly disobedient	fāsiqīna	
الْعَظِيمِ	[the] great	l-ʿaẓīmi	
الْحَقُّ	[the] true	l-ḥaqu	
الْأَكْبَرُ	[the] greatest	l-akbaru	
عَابِدِينَ	worshippers	ʿābidīna	
وَاحِدٌ	One	wāḥidun	
الرَّحْمَٰنُ	(is) the Most Gracious	l-raḥmānu	
عَظِيمٌ	great	ʿaẓīmun	
شَدِيدٌ	(will be) severe	shadīdun	
مَرِيدٍ	rebellious	marīdin	
بَهِيجٍ	beautiful	bahījin	
الْبَعِيدُ	far away	l-baʿīdu	
أَقْرَبُ	(is) closer	aqrabu	
بَيِّنَاتٍ	(as) clear Verses	bayyinātin	
شَهِيدٌ	(is) a Witness	shahīdun	
الْحَمِيمُ	[the] scalding water	l-ḥamīmu	
الْحَمِيدِ	(of) the Praiseworthy	l-ḥamīdi	
أَلِيمٍ	painful	alīmin	
السُّجُودِ	(and) those who prostrate	l-sujūdi	
عَمِيقٍ	distant	ʿamīqin	
مَعْلُومَاتٍ	known	maʿlūmātin	
الْفَقِيرَ	the poor	l-faqīra	
الْعَتِيقِ	[the] Ancient	l-ʿatīqi	
سَحِيقٍ	far off	saḥīqin	
الْعَتِيقِ	the Ancient	l-ʿatīqi	
وَاحِدٌ	One	wāḥidun	
خَوَّانٍ	treacherous	khawwānin	
كَفُورٍ	ungrateful	kafūrin	
كَثِيرًا	much	kathīran	
عَزِيزٌ	All-Mighty	ʿazīzun	
كَرِيمٌ	noble	karīmun	
عَلِيمٌ	(is) All-Knower	ʿalīmun	
حَكِيمٌ	All-Wise	ḥakīmun	
بَعِيدٍ	far	baʿīdin	
عَقِيمٍ	barren	ʿaqīmin	
حَسَنًا	good	ḥasanan	
حَلِيمٌ	Most Forbearing	ḥalīmun	
غَفُورٌ	Oft-Forgiving	ghafūrun	
سَمِيعٌ	(is) All-Hearer	samīʿun	
بَصِيرٌ	All-Seer	baṣīrun	
الْكَبِيرُ	the Most Great	l-kabīru	
لَطِيفٌ	(is) surely Subtle	laṭīfun	
خَبِيرٌ	All-Aware	khabīrun	
الْحَمِيدُ	the Praiseworthy	l-ḥamīdu	
رَحِيمٌ	Most Merciful	raḥīmun	
أَعْلَمُ	(is) most knowing	aʿlamu	
يَسِيرٌ	easy	yasīrun	
بَيِّنَاتٍ	clear	bayyinātin	
عَزِيزٌ	All-Mighty	ʿazīzun	
سَمِيعٌ	(is) All-Hearer	samīʿun	
بَصِيرٌ	All-Seer	baṣīrun	
شَهِيدًا	a witness	shahīdan	
مَكِينٍ	firm	makīnin	
آخَرَ	another	ākhara	
أَحْسَنُ	(the) Best	aḥsanu	
كَثِيرَةٌ	abundant	kathīratun	
كَثِيرَةٌ	many	kathīratun	
الْأَوَّلِينَ	our forefathers	l-awalīna	
الظَّالِمِينَ	the wrongdoers	l-ẓālimīna	
آخَرِينَ	another	ākharīna	
الدُّنْيَا	(of) the world	l-dun'yā	
الدُّنْيَا	(of) the world	l-dun'yā	
الظَّالِمِينَ	the wrongdoers	l-ẓālimīna	
آخَرِينَ	another	ākharīna	
عَالِينَ	haughty	ʿālīna	
وَجِلَةٌ	(are) fearful	wajilatun	
الْأَوَّلِينَ	(to) their forefathers	l-awalīna	
خَيْرٌ	(is) best	khayrun	
شَدِيدٍ	severe	shadīdin	
قَلِيلًا	little	qalīlan	
الْأَوَّلِينَ	(of) the former (people)	l-awalīna	
الْعَظِيمِ	the Great	l-ʿaẓīmi	
الظَّالِمِينَ	the wrongdoers	l-ẓālimīna	
ضَالِّينَ	astray	ḍāllīna	
الْكَرِيمِ	Honorable	l-karīmi	
آخَرَ	other	ākhara	
بَيِّنَاتٍ	clear	bayyinātin	
وَاحِدٍ	one	wāḥidin	
الْآخِرِ	the Last	l-ākhiri	
طَائِفَةٌ	a group	ṭāifatun	
رَحِيمٌ	Most Merciful	raḥīmun	
حَكِيمٌ	All-Wise	ḥakīmun	
عَظِيمٌ	great	ʿaẓīmun	
خَيْرًا	good of themselves	khayran	
مُبِينٌ	clear	mubīnun	
شُهَدَاءَ	witnesses	shuhadāa	
عَظِيمٌ	great	ʿaẓīmun	
عَظِيمٌ	great	ʿaẓīmun	
حَكِيمٌ	All-Wise	ḥakīmun	
أَلِيمٌ	painful	alīmun	
رَحِيمٌ	Most Merciful	raḥīmun	
عَلِيمٌ	All-Knower	ʿalīmun	
رَحِيمٌ	Most Merciful	raḥīmun	
الْغَافِلَاتِ	the unaware women	l-ghāfilāti	
الْمُؤْمِنَاتِ	(and) the believing women	l-mu'mināti	
عَظِيمٌ	great	ʿaẓīmun	
الْحَقَّ	the due	l-ḥaqa	
الْمُبِينُ	the Manifest	l-mubīnu	
كَرِيمٌ	noble	karīmun	
خَبِيرٌ	(is) All-Aware	khabīrun	
عَلِيمٌ	All-Knowing	ʿalīmun	
الدُّنْيَا	(of) the world	l-dun'yā	
غَفُورٌ	(is) Oft-Forgiving	ghafūrun	
رَحِيمٌ	Most Merciful	raḥīmun	
مُبَيِّنَاتٍ	clear	mubayyinātin	
دُرِّيٌّ	brilliant	durriyyun	
عَلِيمٌ	(is) All-Knower	ʿalīmun	
سَرِيعُ	(is) swift	sarīʿu	
لُجِّيٍّ	deep	lujjiyyin	
ظُلُمَاتٌ	darkness[es]	ẓulumātun	
عَلِيمٌ	(is) All-Knower	ʿalīmun	
مُبَيِّنَاتٍ	clear	mubayyinātin	
خَبِيرٌ	(is) All-Aware	khabīrun	
عَلِيمٌ	(is) All-Knower	ʿalīmun	
حَكِيمٌ	All-Wise	ḥakīmun	
عَلِيمٌ	(is) All-Knower	ʿalīmun	
حَكِيمٌ	All-Wise	ḥakīmun	
سَمِيعٌ	(is) All-Hearer	samīʿun	
عَلِيمٌ	All-Knower	ʿalīmun	
طَيِّبَةً	(and) good	ṭayyibatan	
غَفُورٌ	(is) Oft-Forgiving	ghafūrun	
رَحِيمٌ	Most Merciful	raḥīmun	
أَلِيمٌ	painful	alīmun	
عَلِيمٌ	(is) All-Knower	ʿalīmun	
آخَرُونَ	other	ākharūna	
رَحِيمًا	Most Merciful	raḥīman	
بَعِيدٍ	far	baʿīdin	
ضَيِّقًا	narrow	ḍayyiqan	
وَاحِدًا	one	wāḥidan	
كَثِيرًا	many	kathīran	
بُورًا	ruined	būran	
كَبِيرًا	great	kabīran	
بَصِيرًا	All-Seer	baṣīran	
كَبِيرًا	great	kabīran	
عَسِيرًا	difficult	ʿasīran	
خَذُولًا	a deserter	khadhūlan	
أَلِيمًا	painful	alīman	
يَسِيرًا	gradual	yasīran	
طَهُورًا	pure	ṭahūran	
مَيْتًا	dead	maytan	
كَثِيرًا	many	kathīran	
كَبِيرًا	great	kabīran	
فُرَاتٌ	and sweet	furātun	
ظَهِيرًا	a helper	ẓahīran	
خَبِيرًا	All-Aware	khabīran	
الرَّحْمَٰنُ	the Most Gracious	l-raḥmānu	
الرَّحْمَٰنِ	(of) the Most Gracious	l-raḥmāni	
سُجَّدًا	prostrating	sujjadan	
آخَرَ	another	ākhara	
غَفُورًا	Oft-Forgiving	ghafūran	
رَحِيمًا	Most Merciful	raḥīman	
كَرِيمٍ	noble	karīmin	
الرَّحِيمُ	the Most Merciful	l-raḥīmu	
الظَّالِمِينَ	(who are) wrongdoers	l-ẓālimīna	
الْأَوَّلِينَ	(of) your forefathers	l-awalīna	
عَلِيمٌ	learned	ʿalīmun	
عَلِيمٍ	learned	ʿalīmin	
قَلِيلُونَ	small	qalīlūna	
كَرِيمٍ	honorable	karīmin	
الْعَظِيمِ	[the] great	l-ʿaẓīmi	
الرَّحِيمُ	the Most Merciful	l-raḥīmu	
حَمِيمٍ	close	ḥamīmin	
الرَّحِيمُ	the Most Merciful	l-raḥīmu	
أَمِينٌ	trustworthy	amīnun	
الرَّحِيمُ	the Most Merciful	l-raḥīmu	
أَمِينٌ	trustworthy	amīnun	
عَظِيمٍ	Great	ʿaẓīmin	
الرَّحِيمُ	the Most Merciful	l-raḥīmu	
أَمِينٌ	trustworthy	amīnun	
هَضِيمٌ	soft	haḍīmun	
عَظِيمٍ	Great	ʿaẓīmin	
الرَّحِيمُ	the Most Merciful	l-raḥīmu	
أَمِينٌ	trustworthy	amīnun	
الرَّحِيمُ	the Most Merciful	l-raḥīmu	
أَمِينٌ	trustworthy	amīnun	
الْأَوَّلِينَ	the former	l-awalīna	
أَعْلَمُ	knows best	aʿlamu	
عَظِيمٍ	Great	ʿaẓīmin	
الرَّحِيمُ	the Most Merciful	l-raḥīmu	
الْأَمِينُ	[the] Trustworthy	l-amīnu	
عَرَبِيٍّ	Arabic	ʿarabiyyin	
الْأَلِيمَ	[the] painful	l-alīma	
آخَرَ	another	ākhara	
الْأَقْرَبِينَ	[the] closest	l-aqrabīna	
الرَّحِيمِ	the Most Merciful	l-raḥīmi	
الْعَلِيمُ	the All-Knower	l-ʿalīmu	
أَثِيمٍ	sinful	athīmin	
كَثِيرًا	much	kathīran	
عَلِيمٍ	the All-Knower	ʿalīmin	
الْعَزِيزُ	the All-Mighty	l-ʿazīzu	
الْحَكِيمُ	the All-Wise	l-ḥakīmu	
رَحِيمٌ	Most Merciful	raḥīmun	
فَاسِقِينَ	defiantly disobedient	fāsiqīna	
مُبِينٌ	manifest	mubīnun	
الْمُؤْمِنِينَ	the believers	l-mu'minīna	
الْمُبِينُ	evident	l-mubīnu	
الصَّالِحِينَ	righteous	l-ṣāliḥīna	
شَدِيدًا	severe	shadīdan	
مُبِينٍ	clear	mubīnin	
يَقِينٍ	certain	yaqīnin	
عَظِيمٌ	great	ʿaẓīmun	
الْعَظِيمِ	the Great	l-ʿaẓīmi	
كَرِيمٌ	noble	karīmun	
الرَّحْمَٰنِ	the Most Gracious	l-raḥmāni	
الرَّحِيمِ	the Most Merciful	l-raḥīmi	
شَدِيدٍ	great	shadīdin	
أَذِلَّةً	(the) lowest	adhillatan	
خَيْرٌ	(is) better	khayrun	
أَمِينٌ	trustworthy	amīnun	
غَنِيٌّ	(is) Self-sufficient	ghaniyyun	
كَرِيمٌ	Noble	karīmun	
كَافِرِينَ	who disbelieve	kāfirīna	
خَيْرٌ	better	khayrun	
قَلِيلًا	Little	qalīlan	
أَكْثَرَ	most	akthara	
الْعَلِيمُ	the All-Knower	l-ʿalīmu	
الْعُمْيِ	the blind	l-ʿum'yi	
الرَّحِيمُ	the Most Merciful	l-raḥīmu	
الظَّالِمِينَ	the wrongdoers	l-ẓālimīna	
شَيْخٌ	(is) a very old man	shaykhun	
كَبِيرٌ	(is) a very old man	kabīrun	
فَقِيرٌ	(in) need	faqīrun	
الظَّالِمِينَ	the wrongdoers	l-ẓālimīna	
الْأَمِينُ	the trustworthy	l-amīnu	
الْأَيْمَنِ	the right	l-aymani	
الْمُبَارَكَةِ	blessed	l-mubārakati	
فَاسِقِينَ	defiantly disobedient	fāsiqīna	
بَيِّنَاتٍ	clear	bayyinātin	
الْأَوَّلِينَ	our forefathers	l-awalīna	
أَعْلَمُ	knows best	aʿlamu	
الْغَرْبِيِّ	western	l-gharbiyi	
الظَّالِمِينَ	the wrongdoers	l-ẓālimīna	
آمِنًا	secure	āminan	
الدُّنْيَا	(of) the world	l-dun'yā	
خَيْرٌ	(is) better	khayrun	
حَسَنًا	good	ḥasanan	
الدُّنْيَا	(of) the world	l-dun'yā	
شَهِيدًا	a witness	shahīdan	
الْآخِرَةَ	(of) the Hereafter	l-ākhirata	
الدُّنْيَا	(of) the world	l-dun'yā	
عَظِيمٍ	great	ʿaẓīmin	
خَيْرٌ	(is) better	khayrun	
أَعْلَمُ	(is) most knowing	aʿlamu	
آخَرَ	other	ākhara	
الْعَلِيمُ	the All-Knower	l-ʿalīmu	
يَسِيرٌ	(is) easy	yasīrun	
أَلِيمٌ	painful	alīmun	
الدُّنْيَا	(of) the world	l-dun'yā	
الْحَكِيمُ	the All-Wise	l-ḥakīmu	
بَيِّنَةً	(as) evidence	bayyinatan	
الْحَكِيمُ	the All-Wise	l-ḥakīmu	
أَكْبَرُ	(is) greatest	akbaru	
وَاحِدٌ	(is) One	wāḥidun	
بَيِّنَاتٌ	clear	bayyinātun	
الْعَلِيمُ	the All-Knower	l-ʿalīmu	
عَلِيمٌ	(is) All-Knower	ʿalīmun	
الدُّنْيَا	(of) the world	l-dun'yā	
الرَّحِيمُ	the Most Merciful	l-raḥīmu	
الدُّنْيَا	(of) the world	l-dun'yā	
الْحَكِيمُ	the All-Wise	l-ḥakīmu	
الْقَيِّمُ	the correct	l-qayimu	
الْقَيِّمِ	right	l-qayimi	
الْمَوْتَىٰ	(to) the dead	l-mawtā	
الْعُمْيِ	the blind	l-ʿum'yi	
الْحَكِيمِ	the Wise	l-ḥakīmi	
أَلِيمٍ	painful	alīmin	
الْحَكِيمُ	the All-Wise	l-ḥakīmu	
كَرِيمٍ	noble	karīmin	
غَنِيٌّ	(is) Free of need	ghaniyyun	
حَمِيدٌ	Praiseworthy	ḥamīdun	
عَظِيمٌ	great	ʿaẓīmun	
لَطِيفٌ	(is) All-Subtle	laṭīfun	
خَبِيرٌ	All-Aware	khabīrun	
مُخْتَالٍ	self-conceited	mukh'tālin	
فَخُورٍ	boaster	fakhūrin	
الْوُثْقَىٰ	the most trustworthy	l-wuth'qā	
عَلِيمٌ	(is) the All-Knower	ʿalīmun	
غَلِيظٍ	severe	ghalīẓin	
الْحَمِيدُ	the Praiseworthy	l-ḥamīdu	
عَزِيزٌ	(is) All-Mighty	ʿazīzun	
حَكِيمٌ	All-Wise	ḥakīmun	
سَمِيعٌ	(is) All-Hearer	samīʿun	
بَصِيرٌ	All-Seer	baṣīrun	
الْكَبِيرُ	the Most Great	l-kabīru	
صَبَّارٍ	(who is) patient	ṣabbārin	
شَكُورٍ	grateful	shakūrin	
خَتَّارٍ	traitor	khattārin	
كَفُورٍ	ungrateful	kafūrin	
الدُّنْيَا	(of) the world	l-dun'yā	
عَلِيمٌ	(is) All-Knower	ʿalīmun	
خَبِيرٌ	All-Aware	khabīrun	
الْعَزِيزُ	the All-Mighty	l-ʿazīzu	
الرَّحِيمُ	the Most Merciful	l-raḥīmu	
مَهِينٍ	despised	mahīnin	
قَلِيلًا	little	qalīlan	
جَدِيدٍ	new	jadīdin	
الْأَدْنَىٰ	the nearer	l-adnā	
الْأَكْبَرِ	the greater	l-akbari	
الْجُرُزِ	[the] barren	l-juruzi	
حَكِيمًا	All-Wise	ḥakīman	
غَفُورًا	(is) Oft-Forgiving	ghafūran	
رَحِيمًا	Most Merciful	raḥīman	
أَوْلَىٰ	(is) closer	awlā	
أَوْلَىٰ	(are) closer	awlā	
غَلِيظًا	strong	ghalīẓan	
أَلِيمًا	painful	alīman	
شَدِيدًا	severe	shadīdan	
أَشِحَّةً	Miserly	ashiḥḥatan	
أَشِحَّةً	miserly	ashiḥḥatan	
يَسِيرًا	easy	yasīran	
كَثِيرًا	much	kathīran	
رَحِيمًا	Most Merciful	raḥīman	
عَزِيزًا	All-Mighty	ʿazīzan	
الدُّنْيَا	(of) the world	l-dun'yā	
جَمِيلًا	good	jamīlan	
عَظِيمًا	great	ʿaẓīman	
ضِعْفَيْنِ	two fold	ḍiʿ'fayni	
يَسِيرًا	easy	yasīran	
كَرِيمًا	noble	karīman	
خَبِيرًا	All-Aware	khabīran	
كَثِيرًا	much	kathīran	
عَظِيمًا	great	ʿaẓīman	
أَحَقُّ	has more right	aḥaqqu	
حَسِيبًا	(as) a Reckoner	ḥasīban	
عَلِيمًا	All-Knower	ʿalīman	
كَثِيرًا	much	kathīran	
رَحِيمًا	Merciful	raḥīman	
كَرِيمًا	noble	karīman	
كَبِيرًا	great	kabīran	
جَمِيلًا	good	jamīlan	
غَفُورًا	Oft-Forgiving	ghafūran	
رَحِيمًا	Most Merciful	raḥīman	
عَلِيمًا	All-Knower	ʿalīman	
حَلِيمًا	Most Forbearing	ḥalīman	
عَظِيمًا	an enormity	ʿaẓīman	
عَلِيمًا	All-Knower	ʿalīman	
شَهِيدًا	a Witness	shahīdan	
رَحِيمًا	Most Merciful	raḥīman	
كَبِيرًا	great	kabīran	
سَدِيدًا	right	sadīdan	
عَظِيمًا	great	ʿaẓīman	
جَهُولًا	ignorant	jahūlan	
رَحِيمًا	Most Merciful	raḥīman	
الْخَبِيرُ	the All-Aware	l-khabīru	
الْغَفُورُ	the Oft-Forgiving	l-ghafūru	
كَرِيمٌ	noble	karīmun	
أَلِيمٌ	painful	alīmun	
الْعَزِيزِ	(of) the All-Mighty	l-ʿazīzi	
الْحَمِيدِ	the Praiseworthy	l-ḥamīdi	
جَدِيدٍ	new	jadīdin	
الْبَعِيدِ	far	l-baʿīdi	
مُنِيبٍ	who turns (to Allah)	munībin	
الشَّكُورُ	(are) grateful	l-shakūru	
طَيِّبَةٌ	good	ṭayyibatun	
غَفُورٌ	Oft-Forgiving	ghafūrun	
خَمْطٍ	bitter	khamṭin	
قَلِيلٍ	few	qalīlin	
صَبَّارٍ	patient	ṣabbārin	
شَكُورٍ	(and) grateful	shakūrin	
حَفِيظٌ	(is) a Guardian	ḥafīẓun	
الْكَبِيرُ	the Most Great	l-kabīru	
الْعَلِيمُ	the All-Knowing	l-ʿalīmu	
الْعَزِيزُ	the All-Mighty	l-ʿazīzu	
الْحَكِيمُ	the All-Wise	l-ḥakīmu	
بَشِيرًا	(as) a giver of glad tidings	bashīran	
الضِّعْفِ	two-fold	l-ḍiʿ'fi	
بَيِّنَاتٍ	clear	bayyinātin	
شَدِيدٍ	severe	shadīdin	
شَهِيدٌ	a Witness	shahīdun	
عَلَّامُ	(the) All-Knower	ʿallāmu	
قَرِيبٌ	Ever-Near	qarībun	
قَرِيبٍ	near	qarībin	
بَعِيدٍ	far off	baʿīdin	
بَعِيدٍ	far off	baʿīdin	
الْحَكِيمُ	the All-Wise	l-ḥakīmu	
الدُّنْيَا	(of) the world	l-dun'yā	
شَدِيدٌ	severe	shadīdun	
كَبِيرٌ	great	kabīrun	
عَلِيمٌ	(is) All-Knower	ʿalīmun	
مَيِّتٍ	dead	mayyitin	
الطَّيِّبُ	good	l-ṭayibu	
شَدِيدٌ	severe	shadīdun	
يَسِيرٌ	(is) easy	yasīrun	
فُرَاتٌ	sweet	furātun	
طَرِيًّا	fresh	ṭariyyan	
خَبِيرٍ	(the) All-Aware	khabīrin	
الْحَمِيدُ	the Praiseworthy	l-ḥamīdu	
جَدِيدٍ	new	jadīdin	
بَشِيرًا	(as) a bearer of glad tidings	bashīran	
بِيضٌ	white	bīḍun	
سُودٌ	and intensely black	sūdun	
عَزِيزٌ	(is) All-Mighty	ʿazīzun	
غَفُورٌ	Oft-Forgiving	ghafūrun	
شَكُورٌ	Most Appreciative	shakūrun	
بَصِيرٌ	All-Seer	baṣīrun	
الْكَبِيرُ	the great	l-kabīru	
شَكُورٌ	Most Appreciative	shakūrun	
كَفُورٍ	ungrateful one	kafūrin	
غَفُورًا	Oft-Forgiving	ghafūran	
السَّيِّئِ	(of) the evil	l-sayi-i	
السَّيِّئُ	(of) the evil	l-sayi-u	
بَصِيرًا	All-Seer	baṣīran	
الْحَكِيمِ	the Wise	l-ḥakīmi	
الْعَزِيزِ	(of) the All-Mighty	l-ʿazīzi	
الرَّحِيمِ	the Most Merciful	l-raḥīmi	
كَرِيمٍ	noble	karīmin	
أَلِيمٌ	painful	alīmun	
مُسْرِفُونَ	transgressing	mus'rifūna	
الْمَيْتَةُ	dead	l-maytatu	
الْعَزِيزِ	(of) the All-Mighty	l-ʿazīzi	
الْعَلِيمِ	the All-Knowing	l-ʿalīmi	
الْقَدِيمِ	the old	l-qadīmi	
رَحِيمٍ	Most Merciful	raḥīmin	
كَثِيرًا	great	kathīran	
مُبِينٌ	clear	mubīnun	
عَلِيمٌ	All-Knower	ʿalīmun	
الْأَخْضَرِ	[the] green 	l-akhḍari	
الْعَلِيمُ	the All-Knower	l-ʿalīmu	
الدُّنْيَا	[the world]	l-dun'yā	
الْأَوَّلُونَ	former	l-awalūna	
طَاغِينَ	transgressing	ṭāghīna	
الْأَلِيمِ	painful	l-alīmi	
الْمُخْلَصِينَ	the chosen ones	l-mukh'laṣīna	
بَيْضَاءَ	White	bayḍāa	
لَذَّةٍ	delicious	ladhatin	
الْعَظِيمُ	great	l-ʿaẓīmu	
الْأَوَّلِينَ	(of) the former (people)	l-awalīna	
الْمُخْلَصِينَ	the chosen ones	l-mukh'laṣīna	
الْعَظِيمِ	the great	l-ʿaẓīmi	
الْمُؤْمِنِينَ	believing	l-mu'minīna	
حَلِيمٍ	forbearing	ḥalīmin	
عَظِيمٍ	great	ʿaẓīmin	
مُبِينٌ	clear	mubīnun	
الْعَظِيمِ	the great	l-ʿaẓīmi	
الْمُسْتَبِينَ	the clear	l-mus'tabīna	
الْمُسْتَقِيمَ	the Straight	l-mus'taqīma	
الْمُؤْمِنِينَ	believing	l-mu'minīna	
الْأَوَّلِينَ	(of) your forefathers	l-awalīna	
الْمُخْلَصِينَ	the chosen ones	l-mukh'laṣīna	
الْمُؤْمِنِينَ	believing	l-mu'minīna	
الْمُخْلَصِينَ	the chosen	l-mukh'laṣīna	
الْمُخْلَصِينَ	the chosen	l-mukh'laṣīna	
الْمُرْسَلِينَ	the Messengers	l-mur'salīna	
ذِي	full (of) reminder	dhī	
كَذَّابٌ	a liar	kadhābun	
وَاحِدًا	(into) one god	wāḥidan	
عُجَابٌ	curious	ʿujābun	
الْعَزِيزِ	the All-Mighty	l-ʿazīzi	
الْوَهَّابِ	the Bestower	l-wahābi	
شَدِيدٌ	severe	shadīdun	
الْجِيَادُ	excellent bred steeds	l-jiyādu	
الْخَيْرِ	(of) the good	l-khayri	
مُقَرَّنِينَ	bound	muqarranīna	
الْأَخْيَارِ	the best	l-akhyāri	
كَثِيرَةٍ	many	kathīratin	
ضِعْفًا	double	ḍiʿ'fan	
الْوَاحِدُ	the One	l-wāḥidu	
الْقَهَّارُ	the Irresistible	l-qahāru	
الْغَفَّارُ	the Oft-Forgiving	l-ghafāru	
عَظِيمٌ	great	ʿaẓīmun	
الْمُخْلَصِينَ	the chosen ones	l-mukh'laṣīna	
الْعَزِيزِ	the All-Mighty	l-ʿazīzi	
الْحَكِيمِ	the All-Wise	l-ḥakīmi	
كَفَّارٌ	and a disbeliever	kaffārun	
الْوَاحِدُ	the One	l-wāḥidu	
الْقَهَّارُ	the Irresistible	l-qahāru	
الْغَفَّارُ	the Oft-Forgiving	l-ghafāru	
غَنِيٌّ	(is) free from need	ghaniyyun	
قَلِيلًا	(for) a little	qalīlan	
عَظِيمٍ	great	ʿaẓīmin	
الْمُبِينُ	the clear	l-mubīnu	
الدُّنْيَا	(of) the world	l-dun'yā	
أَكْبَرُ	(is) greater	akbaru	
عَرَبِيًّا	(in) Arabic	ʿarabiyyan	
شُفَعَاءَ	intercessors	shufaʿāa	
الرَّحِيمُ	the Most Merciful	l-raḥīmu	
مُسْوَدَّةٌ	(will be) blackened	mus'waddatun	
الْعَزِيزِ	the All-Mighty	l-ʿazīzi	
الْعَلِيمِ	the All-Knower	l-ʿalīmi	
شَدِيدِ	severe	shadīdi	
الْحَكِيمُ	the All-Wise	l-ḥakīmu	
الْعَظِيمُ	the great	l-ʿaẓīmu	
أَكْبَرُ	(was) greater	akbaru	
الْعَلِيِّ	the Most High	l-ʿaliyi	
الْكَبِيرِ	the Most Great	l-kabīri	
رَفِيعُ	Possessor of the Highest Ranks	rafīʿu	
الْوَاحِدِ	the One	l-wāḥidi	
الْقَهَّارِ	the Irresistible	l-qahāri	
الْبَصِيرُ	the All-Seer	l-baṣīru	
شَدِيدُ	severe	shadīdu	
كَذَّابٌ	a liar	kadhābun	
كَذَّابٌ	a liar	kadhābun	
مُرْتَابٌ	a doubter	mur'tābun	
جَبَّارٍ	tyrant	jabbārin	
الدُّنْيَا	(of) the world	l-dun'yā	
الْغَفَّارِ	the Oft-Forgiving	l-ghafāri	
بَصِيرٌ	(is) All-Seer	baṣīrun	
أَشَدَّ	(in the) severest	ashadda	
الدُّنْيَا	(of) the world	l-dun'yā	
الْبَصِيرُ	the All-Seer	l-baṣīru	
أَكْبَرُ	(is) greater	akbaru	
قَلِيلًا	Little	qalīlan	
الرَّحِيمِ	the Most Merciful	l-raḥīmi	
عَرَبِيًّا	(in) Arabic	ʿarabiyyan	
وَاحِدٌ	One	wāḥidun	
الدُّنْيَا	[the world]	l-dun'yā	
الْعَلِيمِ	the All-Knower	l-ʿalīmi	
صَرْصَرًا	furious	ṣarṣaran	
نَحِسَاتٍ	(of) misfortune	naḥisātin	
الدُّنْيَا	(of) the world	l-dun'yā	
الْهُونِ	humiliating	l-hūni	
شَدِيدًا	severe	shadīdan	
الدُّنْيَا	(of) the world	l-dun'yā	
رَحِيمٍ	(the) Most Merciful	raḥīmin	
حَمِيمٌ	intimate	ḥamīmun	
عَظِيمٍ	great	ʿaẓīmin	
الْعَلِيمُ	the All-Knower	l-ʿalīmu	
الْمَوْتَىٰ	(to) the dead	l-mawtā	
خَيْرٌ	better	khayrun	
عَزِيزٌ	mighty	ʿazīzun	
حَمِيدٍ	(the) Praiseworthy	ḥamīdin	
أَلِيمٍ	painful	alīmin	
أَعْجَمِيًّا	(in) a foreign (language)	aʿjamiyyan	
بَعِيدٍ	far	baʿīdin	
الْخَيْرِ	(for) the good	l-khayri	
غَلِيظٍ	severe	ghalīẓin	
عَرِيضٍ	lengthy	ʿarīḍin	
بَعِيدٍ	far	baʿīdin	
شَهِيدٌ	a Witness	shahīdun	
الْعَزِيزُ	the All-Mighty	l-ʿazīzu	
الْحَكِيمُ	the All-Wise	l-ḥakīmu	
الْعَظِيمُ	the Most Great	l-ʿaẓīmu	
الرَّحِيمُ	the Most Merciful	l-raḥīmu	
حَفِيظٌ	(is) a Guardian	ḥafīẓun	
عَرَبِيًّا	(in) Arabic	ʿarabiyyan	
الْبَصِيرُ	the All-Seer	l-baṣīru	
عَلِيمٌ	(is) All-Knower	ʿalīmun	
شَدِيدٌ	severe	shadīdun	
قَرِيبٌ	(is) near	qarībun	
بَعِيدٍ	far	baʿīdin	
لَطِيفٌ	(is) Subtle	laṭīfun	
الْعَزِيزُ	the All-Mighty	l-ʿazīzu	
الدُّنْيَا	(of) the world	l-dun'yā	
أَلِيمٌ	painful	alīmun	
الْكَبِيرُ	the Great	l-kabīru	
غَفُورٌ	(is) Oft-Forgiving	ghafūrun	
شَكُورٌ	All-Appreciative	shakūrun	
شَدِيدٌ	severe	shadīdun	
خَبِيرٌ	(is) All-Aware	khabīrun	
بَصِيرٌ	All-Seer	baṣīrun	
الْحَمِيدُ	the Praiseworthy	l-ḥamīdu	
الْجَوَارِ	(are) the ships	l-jawāri	
صَبَّارٍ	patient	ṣabbārin	
شَكُورٍ	(and) grateful	shakūrin	
الدُّنْيَا	(of) the world	l-dun'yā	
خَيْرٌ	(is) better	khayrun	
أَلِيمٌ	painful	alīmun	
خَفِيٍّ	stealthy	khafiyyin	
مُقِيمٍ	lasting	muqīmin	
كَفُورٌ	(is) ungrateful	kafūrun	
حَكِيمٌ	Most Wise	ḥakīmun	
الْمُبِينِ	the clear	l-mubīni	
عَرَبِيًّا	(in) Arabic	ʿarabiyyan	
حَكِيمٌ	full of wisdom	ḥakīmun	
مُسْرِفِينَ	transgressing	mus'rifīna	
الْعَلِيمُ	the All-Knower	l-ʿalīmu	
مَيْتًا	dead	maytan	
الرَّحْمَٰنِ	(of) the Most Gracious	l-raḥmāni	
عَظِيمٍ	great	ʿaẓīmin	
الدُّنْيَا	(of) the world	l-dun'yā	
خَيْرٌ	(is) better	khayrun	
الدُّنْيَا	(of) the world	l-dun'yā	
الرَّحْمَٰنِ	(of) the Most Gracious	l-raḥmāni	
فَاسِقِينَ	defiantly disobedient	fāsiqīna	
خَيْرٌ	better	khayrun	
خَصِمُونَ	argumentative	khaṣimūna	
أَلِيمٍ	painful	alīmin	
كَثِيرَةٌ	abundant	kathīratun	
الْعَلِيمُ	the All-Knower	l-ʿalīmu	
الْمُبِينِ	the clear	l-mubīni	
حَكِيمٍ	wise	ḥakīmin	
الْعَلِيمُ	the All-Knower	l-ʿalīmu	
الْأَوَّلِينَ	the former	l-awalīna	
أَلِيمٌ	painful	alīmun	
قَلِيلًا	a little	qalīlan	
الْكُبْرَىٰ	the greatest	l-kub'rā	
كَرِيمٌ	noble	karīmun	
أَمِينٌ	trustworthy	amīnun	
كَرِيمٍ	noble	karīmin	
آخَرِينَ	another	ākharīna	
الرَّحِيمُ	the Most Merciful	l-raḥīmu	
الْأَثِيمِ	(of) the sinner(s)	l-athīmi	
الْحَمِيمِ	(of) scalding water	l-ḥamīmi	
الْحَمِيمِ	(of) the scalding water	l-ḥamīmi	
الْكَرِيمُ	the noble	l-karīmu	
أَمِينٍ	secure	amīnin	
الْعَظِيمُ	the great	l-ʿaẓīmu	
الْعَزِيزِ	the All-Mighty	l-ʿazīzi	
الْحَكِيمِ	the All-Wise	l-ḥakīmi	
أَثِيمٍ	sinful	athīmin	
أَلِيمٍ	painful	alīmin	
عَظِيمٌ	great	ʿaẓīmun	
أَلِيمٌ	painful	alīmun	
الدُّنْيَا	(of) the world	l-dun'yā	
بَيِّنَاتٍ	clear	bayyinātin	
الْمُبِينُ	clear	l-mubīnu	
مُجْرِمِينَ	criminals	muj'rimīna	
الدُّنْيَا	(of) the world	l-dun'yā	
الْحَكِيمُ	the All-Wise	l-ḥakīmu	
الْعَزِيزِ	the All-Mighty	l-ʿazīzi	
الْحَكِيمِ	the All-Wise	l-ḥakīmi	
بَيِّنَاتٍ	clear	bayyinātin	
الرَّحِيمُ	the Most Merciful	l-raḥīmu	
الظَّالِمِينَ	the wrongdoers	l-ẓālimīna	
قَدِيمٌ	ancient	qadīmun	
عَرَبِيًّا	Arabic	ʿarabiyyan	
الدُّنْيَا	(of) the world	l-dun'yā	
عَظِيمٍ	Great	ʿaẓīmin	
أَلِيمٌ	painful	alīmun	
الْمُجْرِمِينَ	[the] criminals	l-muj'rimīna	
أَلِيمٍ	painful	alīmin	
لَذَّةٍ	delicious	ladhatin	
حَمِيمًا	boiling	ḥamīman	
الدُّنْيَا	(of) the world	l-dun'yā	
الْغَنِيُّ	(is) Free of need	l-ghaniyu	
عَزِيزًا	mighty	ʿazīzan	
حَكِيمًا	All-Wise	ḥakīman	
عَظِيمًا	great	ʿaẓīman	
الظَّانِّينَ	who assume	l-ẓānīna	
عَزِيزًا	(is) All-Mighty	ʿazīzan	
حَكِيمًا	All-Wise	ḥakīman	
عَظِيمًا	great	ʿaẓīman	
بُورًا	ruined	būran	
غَفُورًا	Oft-Forgiving	ghafūran	
رَحِيمًا	Most Merciful	raḥīman	
شَدِيدٍ	great	shadīdin	
حَسَنًا	good	ḥasanan	
أَلِيمًا	painful	alīman	
أَلِيمًا	painful	alīman	
قَرِيبًا	near	qarīban	
كَثِيرَةً	much	kathīratan	
عَزِيزًا	All-Mighty	ʿazīzan	
حَكِيمًا	All-Wise	ḥakīman	
كَثِيرَةً	much	kathīratan	
أَلِيمًا	painful	alīman	
عَلِيمًا	All-Knower	ʿalīman	
قَرِيبًا	near	qarīban	
شَهِيدًا	(as) a Witness	shahīdan	
رُحَمَاءُ	and merciful	ruḥamāu	
سُجَّدًا	and prostrating	sujjadan	
عَظِيمًا	great	ʿaẓīman	
سَمِيعٌ	(is) All-Hearer	samīʿun	
عَلِيمٌ	All-Knower	ʿalīmun	
عَظِيمٌ	great	ʿaẓīmun	
غَفُورٌ	(is) Oft-Forgiving	ghafūrun	
رَحِيمٌ	Most Merciful	raḥīmun	
عَلِيمٌ	(is) All-Knower	ʿalīmun	
حَكِيمٌ	All-Wise	ḥakīmun	
مَيْتًا	dead	maytan	
تَوَّابٌ	(is) Oft-Returning	tawwābun	
رَحِيمٌ	Most Merciful	raḥīmun	
عَلِيمٌ	(is) All-Knower	ʿalīmun	
خَبِيرٌ	All-Aware	khabīrun	
غَفُورٌ	(is) Oft-Forgiving	ghafūrun	
رَحِيمٌ	Most Merciful	raḥīmun	
عَلِيمٌ	(is) All-Knower	ʿalīmun	
بَصِيرٌ	(is) All-Seer	baṣīrun	
الْمَجِيدِ	the Glorious	l-majīdi	
عَجِيبٌ	amazing	ʿajībun	
بَعِيدٌ	far	baʿīdun	
حَفِيظٌ	guarded	ḥafīẓun	
مَرِيجٍ	confused	marījin	
بَهِيجٍ	beautiful	bahījin	
نَضِيدٌ	arranged	naḍīdun	
مَيْتًا	dead	maytan	
الْأَوَّلِ	the first	l-awali	
جَدِيدٍ	new	jadīdin	
عَتِيدٌ	ready	ʿatīdun	
كَفَّارٍ	disbeliever	kaffārin	
عَنِيدٍ	stubborn	ʿanīdin	
مَنَّاعٍ	Forbidder	mannāʿin	
آخَرَ	another	ākhara	
الشَّدِيدِ	the severe	l-shadīdi	
بَعِيدٍ	far	baʿīdin	
بَعِيدٍ	far	baʿīdin	
أَوَّابٍ	who turns	awwābin	
حَفِيظٍ	(and) who keeps	ḥafīẓin	
قَرِيبٍ	near	qarībin	
يَسِيرٌ	easy	yasīrun	
الْمُكْرَمِينَ	the honored	l-muk'ramīna	
سَمِينٍ	fat	samīnin	
عَلِيمٍ	learned	ʿalīmin	
عَقِيمٌ	barren	ʿaqīmun	
الْعَلِيمُ	the All-Knower	l-ʿalīmu	
الْأَلِيمَ	the painful	l-alīma	
الْعَقِيمَ	the barren	l-ʿaqīma	
فَاسِقِينَ	defiantly disobedient	fāsiqīna	
آخَرَ	another	ākhara	
الْمَتِينُ	the Strong	l-matīnu	
الرَّحِيمُ	the Most Merciful	l-raḥīmu	
طَاغُونَ	transgressing	ṭāghūna	
الْكُبْرَىٰ	the Greatest	l-kub'rā	
ضِيزَىٰ	unfair	ḍīzā	
الدُّنْيَا	(of) the world	l-dun'yā	
الْأَوْفَىٰ	the fullest	l-awfā	
نُكُرٍ	terrible	nukurin	
مُنْتَشِرٌ	spreading	muntashirun	
عَسِرٌ	difficult	ʿasirun	
صَرْصَرًا	furious	ṣarṣaran	
أَشِرٌ	insolent	ashirun	
الْأَشِرُ	the insolent one	l-ashiru	
عَزِيزٍ	(of) All-Mighty	ʿazīzin	
خَيْرٌ	better	khayrun	
أَدْهَىٰ	(will be) more grievous	adhā	
الرَّحْمَٰنُ	The Most Gracious	al-raḥmānu	
الْمُنْشَآتُ	elevated	l-munshaātu	
نَضَّاخَتَانِ	gushing forth	naḍḍākhatāni	
حِسَانٌ	and beautiful ones	ḥisānun	
حِسَانٍ	beautiful	ḥisānin	
مُنْبَثًّا	dispersing	munbathan	
مَوْضُونَةٍ	decorated	mawḍūnatin	
عِينٌ	(with) large eyes	ʿīnun	
الْمَكْنُونِ	well-protected	l-maknūni	
مَخْضُودٍ	thornless	makhḍūdin	
مَنْضُودٍ	layered	manḍūdin	
مَمْدُودٍ	extended	mamdūdin	
كَثِيرَةٍ	abundant	kathīratin	
عُرُبًا	Devoted	ʿuruban	
الْعَظِيمِ	the great	l-ʿaẓīmi	
الْأَوَّلُونَ	former	l-awalūna	
الْعَظِيمِ	the Most Great	l-ʿaẓīmi	
كَرِيمٌ	noble	karīmun	
الضَّالِّينَ	the astray	l-ḍālīna	
الْيَقِينِ	certain	l-yaqīni	
الْعَظِيمِ	the Most Great	l-ʿaẓīmi	
الْحَكِيمُ	the All-Wise	l-ḥakīmu	
عَلِيمٌ	All-Knower	ʿalīmun	
كَبِيرٌ	great	kabīrun	
بَيِّنَاتٍ	clear	bayyinātin	
رَحِيمٌ	(the) Most Merciful	raḥīmun	
حَسَنًا	goodly	ḥasanan	
كَرِيمٌ	noble	karīmun	
الْعَظِيمُ	the great	l-ʿaẓīmu	
حَسَنًا	goodly	ḥasanan	
كَرِيمٌ	noble	karīmun	
الدُّنْيَا	(of) the world	l-dun'yā	
شَدِيدٌ	severe	shadīdun	
الدُّنْيَا	(of) the world	l-dun'yā	
الْعَظِيمِ	the Great	l-ʿaẓīmi	
يَسِيرٌ	(is) easy	yasīrun	
مُخْتَالٍ	self-deluded	mukh'tālin	
فَخُورٍ	boaster	fakhūrin	
الْحَمِيدُ	the Praiseworthy	l-ḥamīdu	
شَدِيدٌ	mighty	shadīdun	
قَوِيٌّ	(is) All-Strong	qawiyyun	
عَزِيزٌ	All-Mighty	ʿazīzun	
غَفُورٌ	(is) Oft-Forgiving	ghafūrun	
رَحِيمٌ	Most Merciful	raḥīmun	
الْعَظِيمِ	the Great	l-ʿaẓīmi	
سَمِيعٌ	(is) All-Hearer	samīʿun	
بَصِيرٌ	All-Seer	baṣīrun	
غَفُورٌ	Oft-Forgiving	ghafūrun	
مُتَتَابِعَيْنِ	consecutively	mutatābiʿayni	
أَلِيمٌ	painful	alīmun	
بَيِّنَاتٍ	clear	bayyinātin	
مُهِينٌ	humiliating	muhīnun	
شَهِيدٌ	a Witness	shahīdun	
عَلِيمٌ	(is) All-Knower	ʿalīmun	
غَفُورٌ	(is) Oft-Forgiving	ghafūrun	
رَحِيمٌ	Most Merciful	raḥīmun	
خَبِيرٌ	(is) All-Aware	khabīrun	
شَدِيدًا	severe	shadīdan	
قَوِيٌّ	(is) All-Strong	qawiyyun	
عَزِيزٌ	All-Mighty	ʿazīzun	
الْحَكِيمُ	the All-Wise	l-ḥakīmu	
الْمُهَاجِرِينَ	emigrants	l-muhājirīna	
رَحِيمٌ	Most Merciful	raḥīmun	
مُحَصَّنَةٍ	fortified	muḥaṣṣanatin	
قَرِيبًا	shortly	qarīban	
أَلِيمٌ	painful	alīmun	
الرَّحِيمُ	the Most Merciful	l-raḥīmu	
الْمَلِكُ	the Sovereign	l-maliku	
الْقُدُّوسُ	the Holy One	l-qudūsu	
السَّلَامُ	the Giver of Peace	l-salāmu	
الْمُؤْمِنُ	the Giver of Security	l-mu'minu	
الْمُهَيْمِنُ	the Guardian	l-muhayminu	
الْعَزِيزُ	the All-Mighty	l-ʿazīzu	
الْجَبَّارُ	the Irresistible	l-jabāru	
الْمُتَكَبِّرُ	the Supreme	l-mutakabiru	
الْخَالِقُ	the Creator	l-khāliqu	
الْبَارِئُ	the Inventor	l-bāri-u	
الْمُصَوِّرُ	the Fashioner	l-muṣawiru	
الْحُسْنَىٰ	the beautiful	l-ḥus'nā	
الْحَكِيمُ	the All-Wise	l-ḥakīmu	
حَسَنَةٌ	good	ḥasanatun	
الْحَكِيمُ	the All-Wise	l-ḥakīmu	
حَسَنَةٌ	good	ḥasanatun	
الْآخِرَ	the Last	l-ākhira	
الْحَمِيدُ	the Praiseworthy	l-ḥamīdu	
رَحِيمٌ	Most Merciful	raḥīmun	
حَكِيمٌ	All-Wise	ḥakīmun	
رَحِيمٌ	Most Merciful	raḥīmun	
الْحَكِيمُ	the All-Wise	l-ḥakīmu	
مَرْصُوصٌ	joined firmly	marṣūṣun	
الْفَاسِقِينَ	the defiantly disobedient	l-fāsiqīna	
مُبِينٌ	clear	mubīnun	
الظَّالِمِينَ	[the] wrongdoers	l-ẓālimīna	
أَلِيمٍ	painful	alīmin	
طَيِّبَةً	pleasant	ṭayyibatan	
الْعَظِيمُ	the great	l-ʿaẓīmu	
قَرِيبٌ	near	qarībun	
الْمَلِكِ	the Sovereign	l-maliki	
الْقُدُّوسِ	the Holy	l-qudūsi	
الْعَزِيزِ	the All-Mighty	l-ʿazīzi	
الْحَكِيمِ	the All-Wise	l-ḥakīmi	
مُبِينٍ	clear	mubīnin	
الْحَكِيمُ	the All-Wise	l-ḥakīmu	
الْعَظِيمِ	the Great	l-ʿaẓīmi	
الظَّالِمِينَ	the wrongdoers	l-ẓālimīna	
كَثِيرًا	much	kathīran	
مُسَنَّدَةٌ	propped up	musannadatun	
الْفَاسِقِينَ	the defiantly disobedient	l-fāsiqīna	
قَرِيبٍ	near	qarībin	
أَلِيمٌ	painful	alīmun	
حَمِيدٌ	Praiseworthy	ḥamīdun	
الْعَظِيمُ	the great	l-ʿaẓīmu	
الْمُبِينُ	clear	l-mubīnu	
رَحِيمٌ	Most Merciful	raḥīmun	
عَظِيمٌ	great	ʿaẓīmun	
حَسَنًا	goodly	ḥasanan	
حَلِيمٌ	Most Forbearing	ḥalīmun	
الْحَكِيمُ	the All-Wise	l-ḥakīmu	
مُبَيِّنَةٍ	clear	mubayyinatin	
الْآخِرِ	the Last	l-ākhiri	
شَدِيدًا	severe	shadīdan	
نُكْرًا	terrible	nuk'ran	
شَدِيدًا	severe	shadīdan	
رَحِيمٌ	Most Merciful	raḥīmun	
الْحَكِيمُ	the All-Wise	l-ḥakīmu	
الْخَبِيرُ	the All-Aware	l-khabīru	
خَيْرًا	better	khayran	
مُسْلِمَاتٍ	submissive	mus'limātin	
مُؤْمِنَاتٍ	faithful	mu'minātin	
قَانِتَاتٍ	obedient	qānitātin	
تَائِبَاتٍ	repentant	tāibātin	
عَابِدَاتٍ	who worship	ʿābidātin	
سَائِحَاتٍ	who fast	sāiḥātin	
ثَيِّبَاتٍ	previously married	thayyibātin	
وَأَبْكَارًا	and virgins	wa-abkāran	
غِلَاظٌ	stern	ghilāẓun	
شِدَادٌ	severe	shidādun	
نَصُوحًا	sincere	naṣūḥan	
صَالِحَيْنِ	righteous	ṣāliḥayni	
الظَّالِمِينَ	the wrongdoers	l-ẓālimīna	
الْغَفُورُ	the Oft-Forgiving	l-ghafūru	
طِبَاقًا	one above another	ṭibāqan	
الدُّنْيَا	nearest	l-dun'yā	
كَبِيرٍ	great	kabīrin	
كَبِيرٌ	great	kabīrun	
الْخَبِيرُ	the All-Aware	l-khabīru	
مُسْتَقِيمٍ	Straight	mus'taqīmin	
قَلِيلًا	Little	qalīlan	
مُبِينٌ	clear	mubīnun	
أَلِيمٍ	painful	alīmin	
مُبِينٍ	clear	mubīnin	
مَعِينٍ	flowing	maʿīnin	
عَظِيمٍ	great	ʿaẓīmin	
مَهِينٍ	worthless	mahīnin	
هَمَّازٍ	Defamer	hammāzin	
مَشَّاءٍ	going about	mashāin	
مَنَّاعٍ	A preventer	mannāʿin	
مُعْتَدٍ	transgressor	muʿ'tadin	
أَثِيمٍ	sinful	athīmin	
عُتُلٍّ	Cruel	ʿutullin	
بَالِغَةٌ	reaching	bālighatun	
صَرْصَرٍ	screaming	ṣarṣarin	
عَاتِيَةٍ	violent	ʿātiyatin	
حُسُومًا	(in) succession	ḥusūman	
خَاوِيَةٍ	hollow	khāwiyatin	
رَابِيَةً	exceeding	rābiyatan	
وَاعِيَةٌ	conscious	wāʿiyatun	
وَاحِدَةٌ	single	wāḥidatun	
وَاحِدَةً	single	wāḥidatan	
رَاضِيَةٍ	pleasant	rāḍiyatin	
عَالِيَةٍ	elevated	ʿāliyatin	
الْخَالِيَةِ	past	l-khāliyati	
الْعَظِيمِ	the Most Great	l-ʿaẓīmi	
الْمِسْكِينِ	(of) the poor	l-mis'kīni	
كَرِيمٍ	noble	karīmin	
قَلِيلًا	little	qalīlan	
قَلِيلًا	little	qalīlan	
حَاجِزِينَ	(who could) prevent (it)	ḥājizīna	
الْعَظِيمِ	the Most Great	l-ʿaẓīmi	
وَاقِعٍ	bound to happen	wāqiʿin	
جَمِيلًا	good	jamīlan	
مَعْلُومٌ	known	maʿlūmun	
أَلِيمٌ	painful	alīmun	
مُبِينٌ	clear	mubīnun	
مُسَمًّى	specified	musamman	
طِبَاقًا	(in) layers	ṭibāqan	
فِجَاجًا	wide	fijājan	
كُبَّارًا	great	kubbāran	
كَفَّارًا	a disbeliever	kaffāran	
عَجَبًا	amazing	ʿajaban	
شَدِيدًا	severe	shadīdan	
رَصَدًا	waiting	raṣadan	
قِدَدًا	different	qidadan	
غَدَقًا	(in) abundance	ghadaqan	
صَعَدًا	severe	ṣaʿadan	
ثَقِيلًا	heavy	thaqīlan	
طَوِيلًا	prolonged	ṭawīlan	
جَمِيلًا	gracious	jamīlan	
قَلِيلًا	a little	qalīlan	
أَلِيمًا	painful	alīman	
مَهِيلًا	pouring down	mahīlan	
شَاهِدًا	(as) a witness	shāhidan	
وَبِيلًا	ruinous	wabīlan	
حَسَنًا	goodly	ḥasanan	
عَسِيرٌ	difficult	ʿasīrun	
مَمْدُودًا	extensive	mamdūdan	
شُهُودًا	present	shuhūdan	
مُسْتَنْفِرَةٌ	frightened	mus'tanfiratun	
مُنَشَّرَةً	spread out	munasharatan	
اللَّوَّامَةِ	self-accusing	l-lawāmati	
مَذْكُورًا	mentioned	madhkūran	
أَمْشَاجٍ	a mixture	amshājin	
بَصِيرًا	and sight	baṣīran	
عَبُوسًا	harsh	ʿabūsan	
قَمْطَرِيرًا	and distressful	qamṭarīran	
مُخَلَّدُونَ	made eternal	mukhalladūna	
مَنْثُورًا	scattered	manthūran	
كَبِيرًا	great	kabīran	
خُضْرٌ	green	khuḍ'run	
طَهُورًا	pure	ṭahūran	
طَوِيلًا	long	ṭawīlan	
ثَقِيلًا	grave	thaqīlan	
أَلِيمًا	painful	alīman	
مَهِينٍ	despicable	mahīnin	
مَكِينٍ	safe	makīnin	
مَعْلُومٍ	known	maʿlūmin	
شَامِخَاتٍ	lofty	shāmikhātin	
فُرَاتًا	sweet	furātan	
ظَلِيلٍ	cool shade	ẓalīlin	
صُفْرٌ	yellow	ṣuf'run	
هَنِيئًا	(in) satisfaction	hanīan	
قَلِيلًا	a little	qalīlan	
الْعَظِيمِ	the Great	l-ʿaẓīmi	
شِدَادًا	strong	shidādan	
وَهَّاجًا	burning	wahhājan	
ثَجَّاجًا	pouring abundantly	thajjājan	
أَلْفَافًا	(of) thick foliage	alfāfan	
وِفَاقًا	appropriate	wifāqan	
أَتْرَابًا	well-matched	atrāban	
دِهَاقًا	full	dihāqan	
حِسَابًا	(according to) account	ḥisāban	
قَرِيبًا	near	qarīban	
وَاجِفَةٌ	will palpitate	wājifatun	
نَخِرَةً	decayed	nakhiratan	
خَاسِرَةٌ	losing	khāsiratun	
وَاحِدَةٌ	single	wāḥidatun	
الْمُقَدَّسِ	the sacred	l-muqadasi	
الْكُبْرَىٰ	the great	l-kub'rā	
الْأَعْلَىٰ	the Most High	l-aʿlā	
الْكُبْرَىٰ	the great	l-kub'rā	
الدُّنْيَا	(of) the world	l-dun'yā	
مُكَرَّمَةٍ	honored	mukarramatin	
مَرْفُوعَةٍ	Exalted	marfūʿatin	
مُطَهَّرَةٍ	purified	muṭahharatin	
كِرَامٍ	Noble	kirāmin	
بَرَرَةٍ	dutiful	bararatin	
غُلْبًا	(of) thick foliage	ghul'ban	
الْفَجَرَةُ	the wicked ones	l-fajaratu	
الْجَوَارِ	Those that run	al-jawāri	
الْكُنَّسِ	(and) disappear	l-kunasi	
كَرِيمٍ	noble	karīmin	
مَكِينٍ	secure	makīnin	
مُطَاعٍ	One to be obeyed	muṭāʿin	
أَمِينٍ	trustworthy	amīnin	
الْمُبِينِ	the clear	l-mubīni	
رَجِيمٍ	accursed	rajīmin	
الْكَرِيمِ	the Most Noble	l-karīmi	
كِرَامًا	Noble	kirāman	
كَاتِبِينَ	recording	kātibīna	
عَظِيمٍ	Great	ʿaẓīmin	
مَرْقُومٌ	written	marqūmun	
أَثِيمٍ	sinful	athīmin	
مَرْقُومٌ	written	marqūmun	
مَخْتُومٍ	sealed	makhtūmin	
يَسِيرًا	easy	yasīran	
أَلِيمٍ	painful	alīmin	
غَيْرُ	never	ghayru	
الْمَوْعُودِ	Promised	l-mawʿūdi	
الْعَزِيزِ	the All-Mighty	l-ʿazīzi	
الْحَمِيدِ	the Praiseworthy	l-ḥamīdi	
الْكَبِيرُ	the great	l-kabīru	
الْمَجِيدُ	the Glorious	l-majīdu	
مَجِيدٌ	Glorious	majīdun	
مَحْفُوظٍ	Guarded	maḥfūẓin	
الثَّاقِبُ	the piercing	l-thāqibu	
دَافِقٍ	ejected	dāfiqin	
فَصْلٌ	decisive	faṣlun	
الْأَعْلَى	the Most High	l-aʿlā	
أَحْوَىٰ	dark	aḥwā	
الْكُبْرَىٰ	[the] great	l-kub'rā	
الدُّنْيَا	(of) the world	l-dun'yā	
الْأُولَىٰ	[the] former	l-ūlā	
عَامِلَةٌ	Laboring	ʿāmilatun	
نَاصِبَةٌ	exhausted	nāṣibatun	
حَامِيَةً	intensely hot	ḥāmiyatan	
آنِيَةٍ	boiling	āniyatin	
عَالِيَةٍ	elevated	ʿāliyatin	
جَارِيَةٌ	flowing	jāriyatun	
مَرْفُوعَةٌ	raised high	marfūʿatun	
مَوْضُوعَةٌ	put in place	mawḍūʿatun	
مَصْفُوفَةٌ	lined up	maṣfūfatun	
مَبْثُوثَةٌ	spread out	mabthūthatun	
الْأَكْبَرَ	greatest	l-akbara	
عَشْرٍ	ten	ʿashrin	
لَمًّا	altogether	lamman	
جَمًّا	immense	jamman	
الْمُطْمَئِنَّةُ	who is satisfied	l-muṭ'ma-inatu	
لُبَدًا	abundant	lubadan	
مُؤْصَدَةٌ	closed in	mu'ṣadatun	
الْأَعْلَىٰ	the Most High	l-aʿlā	
الْأَمِينِ	[the] secure	l-amīni	
الْأَكْرَمُ	(is) the Most Generous	l-akramu	
كَاذِبَةٍ	lying	kādhibatin	
خَاطِئَةٍ	sinful	khāṭi-atin	
مُطَهَّرَةً	purified	muṭahharatan	
قَيِّمَةٌ	correct	qayyimatun	
الْمَبْثُوثِ	scattered	l-mabthūthi	
الْمَنْفُوشِ	fluffed up	l-manfūshi	
رَاضِيَةٍ	pleasant	rāḍiyatin	
حَامِيَةٌ	intensely hot	ḥāmiyatun	
الْمُوقَدَةُ	kindled	l-mūqadatu	
مُمَدَّدَةٍ	extended	mumaddadatin	
أَبَابِيلَ	(in) flocks	abābīla	
مَأْكُولٍ	eaten up	makūlin	
الْخَنَّاسِ	the one who withdraws	l-khanāsi	
